formatted_date;temperature_2m; temperature_2m_min; temperature_2m_max;total_precipitation_sum;surface_pressure
9/07/2020;294,7785853;290,9463037;300,0094144;0,006273745;90458,24902
10/07/2020;294,6768002;291,6098737;299,2384651;0,01688918;90468,22058
11/07/2020;294,069392;291,7112507;297,6419026;0,015101593;90579,01403
12/07/2020;293,8803371;291,1865295;297,671173;0,011700034;90625,32054
13/07/2020;294,890591;291,4084373;300,3371562;0,008734833;90540,92546
14/07/2020;294,4746921;291,4310461;299,2003437;0,020812814;90503,7282
15/07/2020;295,235289;291,4509566;300,2255411;0,004061037;90489,50049
16/07/2020;295,0812859;291,3640684;299,6676926;0,009302382;90423,71976
17/07/2020;295,5220136;291,038311;301,0458581;0,002594082;90409,18062
18/07/2020;295,6619329;291,6479212;300,3671263;0,003633239;90384,79394
19/07/2020;295,7077863;291,980242;300,4039341;0,003204201;90298,9059
20/07/2020;295,2650126;291,9322489;299,5429025;0,017608097;90327,5605
21/07/2020;294,6996316;292,0587831;298,2941366;0,013367574;90461,16405
22/07/2020;294,095534;291,8075208;297,6653199;0,013210915;90528,82833
23/07/2020;293,6715189;291,5213868;296,8833305;0,014158994;90530,35398
24/07/2020;293,6450567;291,6088688;297,1040274;0,015030247;90546,64847
25/07/2020;293,6671277;291,5157141;297,1892883;0,019168199;90560,41503
26/07/2020;294,3524838;291,0296928;299,3623556;0,008062313;90581,34565
27/07/2020;294,4126465;291,6489079;298,8874225;0,013553908;90555,52458
28/07/2020;294,6247192;291,4486083;299,3277509;0,014190319;90516,91048
29/07/2020;295,0369103;291,5262248;300,0409199;0,006838811;90461,36513
30/07/2020;295,3674338;292,0723078;300,0485911;0,008249641;90401,59435
31/07/2020;295,5585493;291,6320307;300,5395772;0,007931103;90404,61512
1/08/2020;295,953809;291,7906759;301,4762536;0,005748918;90472,09496
2/08/2020;296,0492738;291,7920551;301,3600648;0,005095724;90447,62663
3/08/2020;295,9490465;292,2847218;300,7307255;0,007407405;90558,52647
4/08/2020;295,7998149;292,2166878;300,6128494;0,005096566;90606,58375
5/08/2020;295,4079737;291,9794452;299,7279327;0,007278131;90532,71514
6/08/2020;295,0877056;292,1654421;299,2211526;0,008046528;90504,52828
7/08/2020;295,504898;291,9756366;300,5739197;0,003833986;90540,81653
8/08/2020;296,0877156;291,8832856;301,6371518;0,004681924;90506,10381
9/08/2020;295,837295;292,210002;300,5334825;0,014372182;90486,56647
10/08/2020;295,7926869;292,3587537;300,3221076;0,012380386;90457,66265
11/08/2020;295,2157797;292,7220785;299,1697197;0,010692157;90368,43562
12/08/2020;295,1285828;292,3216792;299,5458675;0,009348864;90314,90171
13/08/2020;295,1100426;292,173751;299,5222352;0,011455553;90261,7005
14/08/2020;294,8782984;292,332207;298,6979205;0,02478106;90271,96942
15/08/2020;294,1363394;292,0686703;297,8277159;0,020758578;90396,31253
16/08/2020;294,4987922;291,9847515;298,3996708;0,009831897;90490,02098
17/08/2020;294,1947432;291,6159698;297,8004128;0,010198665;90558,90906
18/08/2020;294,5774002;291,7514718;299,0648613;0,018496586;90529,04586
19/08/2020;294,0712743;292,1073773;297,458039;0,025985636;90521,34049
20/08/2020;294,3512404;292,0374983;298,3790193;0,012588384;90563,16632
21/08/2020;294,3449655;291,9128381;298,1338536;0,011940212;90565,95212
22/08/2020;294,3520354;291,8176466;298,3024669;0,013475471;90535,27831
23/08/2020;294,3687368;291,2453696;298,6238273;0,011884174;90540,69628
24/08/2020;294,4829954;291,5813089;299,4975934;0,014331075;90497,46725
25/08/2020;293,7594541;291,7929777;297,087959;0,021855555;90430,89963
26/08/2020;293,9823928;291,615115;297,6383595;0,005653357;90540,49547
27/08/2020;294,2961819;291,5988328;298,35645;0,005845755;90621,90828
28/08/2020;294,5501891;291,4929638;299,049042;0,008093369;90629,57503
29/08/2020;294,1793573;291,7313893;297,9342858;0,017495188;90582,65266
30/08/2020;293,8594091;290,7684918;298,0921764;0,005202266;90582,93109
31/08/2020;294,3865757;290,4459647;299,1364989;0,00476564;90538,08314
1/09/2020;294,8248904;291,5006212;299,5613108;0,011617677;90540,6476
2/09/2020;293,5323254;291,7948435;296,8423995;0,032390432;90527,3417
3/09/2020;294,4421325;291,2095856;299,3192932;0,008804484;90388,04771
4/09/2020;294,5692866;291,5774017;299,4447865;0,010208142;90443,18687
5/09/2020;295,2835659;291,6104542;300,3574803;0,004135234;90524,95107
6/09/2020;295,0124317;291,9247047;299,1222651;0,010443235;90483,65987
7/09/2020;294,5066754;291,4914825;298,5820764;0,015513273;90401,91196
8/09/2020;293,1713272;291,9152237;295,2804271;0,045213269;90438,04729
9/09/2020;294,1704497;290,8172502;299,4803941;0,006661727;90537,92571
10/09/2020;294,8718409;291,1285193;300,0627213;0,005149169;90605,33498
11/09/2020;294,9325955;291,7150783;299,6411673;0,012248161;90452,67115
12/09/2020;294,7767718;291,5729704;299,6383043;0,012252487;90344,27567
13/09/2020;294,8610673;291,6780614;299,472466;0,009341024;90390,24793
14/09/2020;295,3663136;291,498421;300,4929603;0,004463043;90570,76022
15/09/2020;295,303756;292,0899177;299,540073;0,011507257;90609,00425
16/09/2020;294,3177091;291,749339;298,5094894;0,013632849;90586,67981
17/09/2020;294,0961917;291,1246503;298,5160145;0,008327892;90569,0937
18/09/2020;294,1061851;291,5310537;298,2470607;0,017017112;90558,79917
19/09/2020;294,0124773;291,4874933;298,1109175;0,012331951;90543,94569
20/09/2020;294,5045137;291,2756637;299,4156834;0,012045015;90494,34437
21/09/2020;295,000173;292,1677404;299,7472547;0,013157435;90449,8148
22/09/2020;295,2297411;291,1913918;300,3886153;0,004890965;90448,50525
23/09/2020;295,0120463;292,1085506;299,5026081;0,014398445;90501,64968
24/09/2020;294,8625755;291,9366058;299,3495456;0,010427383;90606,3993
25/09/2020;294,7154782;291,5715261;299,3536638;0,025933092;90641,03226
26/09/2020;294,4309108;291,3752723;298,763182;0,020075199;90642,82659
27/09/2020;293,9019278;291,1232873;298,2488318;0,014164892;90507,2205
28/09/2020;294,3645747;291,2173425;299,1615832;0,009084151;90336,69224
29/09/2020;294,8495519;291,1407728;300,103544;0,012718035;90291,67566
30/09/2020;294,6227654;291,6590632;299,0064692;0,014790276;90464,91115
1/10/2020;294,9411014;291,5930885;299,7044275;0,014266978;90414,69438
2/10/2020;294,5351006;291,8991099;298,7464022;0,017252306;90348,67282
3/10/2020;294,3150694;291,7891222;298,2812587;0,028116733;90362,98473
4/10/2020;293,951868;291,8773718;297,9356296;0,025130701;90514,33692
5/10/2020;294,4210552;291,575847;299,1453979;0,016168458;90518,18175
6/10/2020;294,3173821;291,6183372;298,1904315;0,012578608;90504,55099
7/10/2020;294,6699792;291,5546063;299,081855;0,019883504;90476,30013
8/10/2020;294,3428967;291,2768967;299,181157;0,011053371;90608,72751
9/10/2020;295,0523021;291,8093226;299,8997594;0,006268216;90650,10385
10/10/2020;295,4982204;291,3532926;301,1918653;0,00360908;90561,12078
11/10/2020;295,4743859;291,7576606;300,5977371;0,007535971;90376,89863
12/10/2020;294,7841113;291,5162927;299,6504206;0,014167394;90386,60046
13/10/2020;293,885495;291,5500741;297,6903291;0,022826226;90439,64699
14/10/2020;294,0900409;291,0758362;298,5091996;0,00856561;90435,48143
15/10/2020;294,4839096;291,0508498;298,8972776;0,006730684;90379,24881
16/10/2020;295,0214371;291,6280752;300,3318027;0,00451845;90349,12529
17/10/2020;295,3785817;292,066891;300,2387016;0,005032497;90343,43143
18/10/2020;295,0674473;291,7450976;299,8757517;0,010184028;90308,36973
19/10/2020;293,8600676;291,9226423;296,910592;0,020898263;90351,28397
20/10/2020;294,1204974;291,4272255;298,8456089;0,007836816;90393,96314
21/10/2020;294,6784418;291,7637532;299,3165896;0,0099095;90454,64185
22/10/2020;294,8833106;291,7056867;299,4571679;0,007094802;90451,32664
23/10/2020;295,041881;291,921243;299,5114972;0,009292191;90464,42263
24/10/2020;293,8099391;292,0727783;296,63117;0,032812347;90553,97759
25/10/2020;294,1514385;291,1784454;298,7819259;0,006958216;90555,10597
26/10/2020;294,8235946;291,2614169;299,5719956;0,004085003;90500,41288
27/10/2020;295,0007982;292,165907;299,1481707;0,007315961;90442,41367
28/10/2020;294,2651575;292,0183713;297,2809549;0,006314886;90406,71567
29/10/2020;294,3525518;291,8356095;298,5780812;0,007295245;90421,16812
30/10/2020;294,1785981;291,5952313;298,1531475;0,007437831;90516,04467
31/10/2020;293,922492;292,0621035;296,8408625;0,013397903;90570,57398
1/11/2020;293,658099;291,8630444;297,2605181;0,020579749;90547,23232
2/11/2020;294,5503895;291,3404506;299,1814267;0,00497551;90463,42185
3/11/2020;294,7147417;291,6521695;298,9739114;0,004092907;90460,37197
4/11/2020;294,6103283;291,043221;299,1525208;0,004279396;90503,73541
5/11/2020;294,3665478;291,8928997;298,2089079;0,008401169;90494,74499
6/11/2020;294,1970311;291,7363294;298,2639267;0,00843414;90414,01407
7/11/2020;294,3741163;291,3986404;298,9925664;0,005920108;90423,64314
8/11/2020;294,6071993;291,7032878;298,8505126;0,005810528;90478,84315
9/11/2020;294,4603229;292,0202729;298,1899707;0,009243835;90551,67657
10/11/2020;293,9866734;291,9422289;297,6129924;0,018515816;90585,26719
11/11/2020;293,60957;291,956691;296,7256072;0,017176685;90602,37689
12/11/2020;293,6668552;291,076001;297,6279759;0,010715482;90577,76225
13/11/2020;293,7282761;291,5907084;297,5894318;0,01497061;90569,82313
14/11/2020;293,5050609;291,6235447;296,7660092;0,019724206;90545,88848
15/11/2020;293,6002554;290,5187067;298,2532203;0,005622372;90505,83919
16/11/2020;294,0031092;291,5270702;297,718913;0,015213006;90498,72973
17/11/2020;293,4681787;291,8431284;296,0668972;0,018205529;90546,88075
18/11/2020;293,7069929;291,4553452;297,5900882;0,012485351;90584,973
19/11/2020;293,8424419;291,3441125;297,7625959;0,010776111;90559,51334
20/11/2020;293,757888;291,4497859;297,0611517;0,023240132;90457,74857
21/11/2020;293,8942665;291,5402068;297,7598377;0,020238849;90439,45692
22/11/2020;294,4650891;291,701397;298,8380323;0,005288845;90450,83173
23/11/2020;294,841723;291,5972779;299,3142917;0,004489574;90443,77729
24/11/2020;295,033059;291,9356098;299,2296369;0,004679939;90426,99323
25/11/2020;294,7333689;291,7979403;299,0007054;0,010956693;90453,29327
26/11/2020;294,5377892;292,0336406;298,562946;0,007138401;90419,42443
27/11/2020;294,1500911;291,6692749;297,9856104;0,009877495;90416,34454
28/11/2020;294,2051767;291,5589993;298,317847;0,011739176;90470,69371
29/11/2020;294,662127;291,347545;299,4803208;0,006051992;90469,63518
30/11/2020;294,4581959;291,8959184;298,5048164;0,012810178;90471,58508
1/12/2020;294,243055;291,4902205;298,3038195;0,006535414;90462,38212
2/12/2020;294,0220254;291,4378314;298,3167495;0,011755039;90454,28483
3/12/2020;293,7011514;291,8673665;297,0668156;0,025381332;90506,76066
4/12/2020;294,3806407;291,473766;298,8731892;0,001937066;90497,24725
5/12/2020;294,7446224;291,7237813;298,9632361;0,005128871;90536,29483
6/12/2020;294,8449637;291,5670202;299,4462521;0,004142328;90472,08478
7/12/2020;294,765854;291,8378782;298,9736785;0,00630769;90467,61308
8/12/2020;294,3691022;291,5389133;298,4898177;0,004016596;90590,23341
9/12/2020;294,2345412;291,934063;298,0125555;0,00549583;90675,08788
10/12/2020;294,3263091;291,346486;298,5962423;0,006885755;90534,46279
11/12/2020;294,6227723;291,2635168;299,2509556;0,004315794;90444,10261
12/12/2020;294,6858801;291,8522868;298,8913772;0,004607835;90428,59015
13/12/2020;294,9569186;291,3675027;299,3356634;0,002313352;90438,7296
14/12/2020;294,6240525;290,620047;299,2825808;0,002236874;90487,70198
15/12/2020;294,5575976;291,2505526;298,7870313;0,002762747;90460,18169
16/12/2020;294,4681194;291,1591733;298,74027;0,002656437;90401,74971
17/12/2020;294,5937762;291,4580355;298,7386874;0,00483292;90424,13192
18/12/2020;294,5302538;291,5887089;299,0518837;0,005100672;90454,76747
19/12/2020;294,5002891;291,3554904;298,9673519;0,004286327;90417,92723
20/12/2020;294,4126504;291,7585493;298,6082966;0,009941133;90357,46652
21/12/2020;294,4418139;291,1861722;298,8380168;0,004527508;90471,2142
22/12/2020;294,8360119;291,4628447;299,1797938;0,004618776;90487,14832
23/12/2020;294,8987336;291,5203975;299,1037886;0,005638466;90433,00358
24/12/2020;294,7497267;291,7075881;298,9202086;0,007236343;90376,10736
25/12/2020;294,0684374;291,9385823;297,4042615;0,018558803;90427,28673
26/12/2020;293,5261978;290,8060454;297,3891768;0,006586161;90406,08963
27/12/2020;293,4667377;290,9780833;297,129487;0,006372458;90440,38913
28/12/2020;293,8397866;290,772792;298,1174356;0,004191079;90513,44234
29/12/2020;293,9216136;290,9332347;297,7281261;0,003636973;90508,04744
30/12/2020;293,9618976;290,8984996;298,0398837;0,004610092;90475,18331
31/12/2020;293,9967194;290,9706765;298,2198515;0,006277551;90473,84974
1/01/2021;294,6713603;291,5590679;298,8538758;0,002013498;90495,83926
2/01/2021;294,730776;291,1346695;299,2929561;0,004429152;90460,68865
3/01/2021;294,5548443;291,3654612;298,5507821;0,007207356;90477,3202
4/01/2021;294,3870013;290,845862;298,711091;0,004421503;90414,10505
5/01/2021;293,9230568;290,5943754;297,8335189;0,008008913;90404,85918
6/01/2021;293,6845967;290,7711555;297,809869;0,006954714;90486,99343
7/01/2021;294,0234021;291,1769223;298,2923342;0,005041821;90558,7035
8/01/2021;293,8498804;290,9245013;298,0836918;0,007660992;90554,65172
9/01/2021;293,8694674;290,806371;298,1076531;0,011705938;90523,53026
10/01/2021;294,1042338;290,9399409;298,952459;0,006649867;90500,08189
11/01/2021;294,4831814;291,1212319;299,1274936;0,009320624;90472,587
12/01/2021;294,5285335;290,9200022;299,0760404;0,005741421;90440,33276
13/01/2021;294,9039696;290,9994378;299,8246037;0,002882281;90392,68723
14/01/2021;295,0902437;291,2614232;300,0072404;0,001787522;90353,02406
15/01/2021;294,8987816;291,8378049;299,1161898;0,005869936;90384,37578
16/01/2021;294,6274706;291,351345;298,8692285;0,003022276;90453,87562
17/01/2021;294,6420262;290,5877217;299,6807792;0,002857198;90416,41423
18/01/2021;294,7631562;291,0510716;299,5116749;0,00151932;90425,64344
19/01/2021;295,1988976;290,5585413;300,7057294;0,001237799;90367,55744
20/01/2021;295,3041822;290,5528594;300,7090203;0,001700305;90310,40262
21/01/2021;295,3070172;291,1486112;300,187666;0,001809824;90333,38761
22/01/2021;295,1374832;291,2931167;299,9425833;0,003508641;90383,82958
23/01/2021;295,1384235;291,6084868;299,7905774;0,004239267;90430,8819
24/01/2021;295,1373974;291,5380425;299,9163225;0,003074532;90373,83941
25/01/2021;295,606275;291,9443114;300,563689;0,002425975;90298,35948
26/01/2021;295,7266064;291,5214461;300,8784045;5,78E-04;90281,1974
27/01/2021;295,6291151;291,6351046;300,5556608;0,002127844;90333,14104
28/01/2021;295,5053002;291,599779;300,1951246;0,003101439;90402,56272
29/01/2021;295,5225406;290,8157145;301,1937414;0,001096964;90322,60185
30/01/2021;295,7738156;290,9519184;301,8225261;4,01E-04;90281,99548
31/01/2021;296,0954914;290,7051945;302,3020839;6,26E-04;90229,58936
1/02/2021;296,1062931;291,4475573;301,1137369;0,001639847;90283,97419
2/02/2021;295,9833628;292,4065998;300,5397821;0,003636093;90343,89666
3/02/2021;295,7343858;292,4630058;300,3619542;0,004498219;90336,33958
4/02/2021;296,1055467;292,3053513;301,1826355;0,002211192;90393,74286
5/02/2021;296,1901547;292,3386277;301,3212954;0,003717972;90386,58137
6/02/2021;296,3744702;292,458024;301,8084878;0,002162152;90433,00432
7/02/2021;296,4363971;292,2652743;301,5805587;0,00549544;90342,31274
8/02/2021;295,8897206;292,7037461;300,1187957;0,00959151;90393,47417
9/02/2021;295,6977741;292,2714086;300,5814467;0,007736359;90427,01664
10/02/2021;295,3729632;292,2112023;299,9754037;0,011988231;90445,60346
11/02/2021;295,5415838;291,4159653;300,7227929;0,002396523;90354,25966
12/02/2021;295,1752472;292,5632136;298,6197728;0,006458861;90310,28477
13/02/2021;295,2273682;292,4735588;299,4092985;0,004608745;90388,2632
14/02/2021;295,0796979;291,7990752;299,8047467;0,010985727;90519,47763
15/02/2021;295,7788033;291,8831461;301,5336579;0,002684267;90568,20878
16/02/2021;295,4567766;291,8153736;299,7484313;0,003979265;90601,95571
17/02/2021;294,7025414;291,5089788;298,9245046;0,008053262;90541,06724
18/02/2021;294,740252;291,4958922;299,3204025;0,006692474;90539,38323
19/02/2021;294,6055366;291,8281867;298,7603628;0,008576616;90613,29384
20/02/2021;294,6737687;291,2584594;299,2018649;0,00634015;90584,62428
21/02/2021;294,6787601;291,7539629;299,0295436;0,011058526;90570,34363
22/02/2021;295,0263168;291,3911488;299,7532266;0,003275766;90440,24055
23/02/2021;295,4104867;292,3136503;299,862693;0,007850614;90413,50436
24/02/2021;296,1462063;291,8723491;301,7081352;0,001669867;90347,92571
25/02/2021;296,6928784;292,9978854;301,730924;0,003506754;90268,83653
26/02/2021;296,3653784;292,7087635;301,5280877;0,006602548;90232,1961
27/02/2021;295,5874909;292,1915349;300,4288534;0,014586327;90284,45565
28/02/2021;295,5739041;292,0127784;300,5407543;0,004422427;90230,44665
1/03/2021;295,7452552;292,5324549;300,1378378;0,012750806;90190,98001
2/03/2021;295,4273454;291,6139453;300,309218;0,009918134;90320,92056
3/03/2021;295,2931247;291,4578245;300,0304234;0,004109619;90442,81478
4/03/2021;295,1691654;291,7334508;299,5073648;0,004540345;90539,5715
5/03/2021;295,1722954;291,9637193;299,7865416;0,003152545;90444,12788
6/03/2021;295,4106106;292,0301808;300,4679508;0,005778072;90398,72532
7/03/2021;295,796143;292,3890582;300,634252;0,008033656;90409,23219
8/03/2021;294,814031;292,2843885;298,760526;0,01404791;90503,94699
9/03/2021;295,1237877;291,7290059;300,1012166;0,005259057;90527,32403
10/03/2021;294,6904965;291,8814051;299,0395797;0,010367827;90511,08464
11/03/2021;293,9587934;291,4535282;297,9288047;0,013471511;90589,50321
12/03/2021;293,8071587;291,24427;297,9780573;0,010282205;90652,5419
13/03/2021;294,2817788;290,522598;299,1753345;0,005736142;90616,10065
14/03/2021;294,3641576;290,9541318;298,9833362;0,00707276;90609,5145
15/03/2021;294,8840881;290,9876493;299,9503398;0,004709845;90517,13952
16/03/2021;294,7329067;291,3880619;299,4078755;0,008008966;90468,12064
17/03/2021;294,434811;291,3361208;298,8828911;0,015185717;90452,80255
18/03/2021;293,9003756;291,4585797;297,7324712;0,018974055;90487,38068
19/03/2021;294,0479891;291,3003251;298,251228;0,010218187;90497,82075
20/03/2021;294,1212391;291,291311;298,4096597;0,013010591;90518,23179
21/03/2021;294,6301482;291,2517416;299,380073;0,00369634;90430,61314
22/03/2021;293,9905461;291,9148904;296,9785494;0,018109596;90490,02524
23/03/2021;294,171268;291,0429811;298,5882341;0,007244416;90548,05872
24/03/2021;294,8025752;291,5670435;299,8902664;0,009907553;90504,31665
25/03/2021;295,020067;291,5717246;299,8604952;0,007619367;90501,92236
26/03/2021;295,0793195;291,6095438;300,0267414;0,012472455;90420,24809
27/03/2021;294,3557845;291,8890895;298,5126958;0,019140228;90420,92351
28/03/2021;294,7097208;291,7466935;299,192982;0,008794182;90313,0251
29/03/2021;295,3759403;291,8989621;300,1430338;0,005294181;90259,82422
30/03/2021;295,8728404;292,0090471;301,2568737;0,005646563;90264,68916
31/03/2021;295,7407694;292,2589715;300,4313575;0,005394484;90225,43965
1/04/2021;295,3059105;292,3802909;299,6907734;0,009095255;90180,78639
2/04/2021;294,6291416;292,0830935;298,5594436;0,015256657;90233,20306
3/04/2021;294,4528252;291,9689867;298,5868937;0,021070962;90380,19607
4/04/2021;294,644949;291,8777359;299,1298115;0,008526928;90330,85343
5/04/2021;294,7349487;292,1270565;299,0573327;0,012480864;90315,46817
6/04/2021;294,3895195;292,2238583;298,0747961;0,022800408;90385,0156
7/04/2021;294,6914935;291,475722;299,5066362;0,008091094;90432,72855
8/04/2021;294,67171;291,8433607;299,2992054;0,012996697;90437,63338
9/04/2021;294,1820557;292,1769718;297,4890234;0,021016908;90494,06183
10/04/2021;294,4591598;291,7740772;299,0352821;0,01197003;90493,69527
11/04/2021;295,1068685;291,8906104;299,9460807;0,005560121;90364,77962
12/04/2021;295,7725952;292,421705;300,8535161;0,005241758;90293,33935
13/04/2021;295,684571;291,5674921;300,9514056;0,004906446;90341,79153
14/04/2021;295,5204801;292,2310628;300,167834;0,008492015;90422,56139
15/04/2021;294,8155865;292,0454187;299,3150268;0,00904088;90376,29776
16/04/2021;294,5713751;292,1815189;298,1945953;0,022739758;90409,92638
17/04/2021;294,8642297;291,6125976;299,433735;0,007797872;90452,38593
18/04/2021;294,2817081;291,8965802;298,076914;0,027189049;90505,72452
19/04/2021;294,5122121;291,4901961;298,8141366;0,007489321;90563,43515
20/04/2021;295,1001039;291,7486507;299,9703027;0,006368812;90497,46041
21/04/2021;294,839339;291,7798015;299,1945877;0,007507416;90506,00919
22/04/2021;294,9942136;291,6836789;299,6179604;0,00459731;90433,10538
23/04/2021;295,2570728;292,0319334;299,8893267;0,010320074;90422,88036
24/04/2021;294,9256001;291,7545351;299,3846876;0,007602;90492,47976
25/04/2021;295,2804417;291,7909316;299,8558314;0,004609408;90437,51363
26/04/2021;295,1955649;292,2398726;299,7423166;0,006248267;90394,18732
27/04/2021;294,2420442;292,3763191;297,4986367;0,019221195;90452,18842
28/04/2021;293,8810608;291,6263737;297,697874;0,012225903;90506,13304
29/04/2021;293,9521945;291,3542514;298,1916646;0,013738523;90605,98963
30/04/2021;293,7924973;291,4411576;297,4432393;0,014349416;90665,99079
1/05/2021;293,7979433;290,7705359;298,044392;0,009666207;90617,09156
2/05/2021;294,0547941;291,6746331;298,1563257;0,017343482;90652,30321
3/05/2021;293,3758698;291,5076839;296,5959197;0,018442295;90709,28062
4/05/2021;293,8524724;291,13769;298,1267397;0,00844055;90708,90608
5/05/2021;294,2798324;291,3960294;298,2673895;0,008254822;90694,78246
6/05/2021;294,1217826;291,5950942;298,3087952;0,011679367;90631,45834
7/05/2021;294,1954816;291,569838;298,3372046;0,012140602;90592,17365
8/05/2021;294,2822214;291,474736;298,7033658;0,011256398;90592,82308
9/05/2021;294,7425681;291,8447967;299,5597437;0,009362498;90510,69063
10/05/2021;295,1203602;292,0763748;299,5205223;0,008039745;90362,78021
11/05/2021;295,3106564;291,721596;300,1983569;0,006482572;90385,35478
12/05/2021;295,2499489;292,1991453;299,4004259;0,015757923;90401,16994
13/05/2021;295,5909499;291,9017578;300,6613853;0,004337459;90418,58542
14/05/2021;295,5369555;292,5487647;299,6678497;0,003323555;90398,70527
15/05/2021;295,4906685;292,4741657;299,4726426;0,004683718;90432,5887
16/05/2021;294,9802295;292,7104502;298,4274518;0,015627171;90474,68685
17/05/2021;294,2640812;292,3018332;297,735035;0,023993743;90553,89292
18/05/2021;294,1416427;292,1049448;297,6562707;0,018782069;90607,7362
19/05/2021;294,9052798;291,3861773;299,9929414;0,004516441;90497,95225
20/05/2021;295,3232358;292,0564941;299,8150516;0,004095221;90405,10042
21/05/2021;295,2432565;292,1654099;299,4049375;0,012019599;90385,90144
22/05/2021;295,0342615;292,2865326;299,1447776;0,01029445;90426,83647
23/05/2021;294,7974101;292,0977787;298,6481693;0,010817834;90444,81082
24/05/2021;295,0897257;292,0308489;299,3756793;0,00773029;90449,23413
25/05/2021;295,248631;292,1392279;299,5437319;0,013770988;90496,65518
26/05/2021;295,2873425;292,541823;299,5550723;0,015119431;90537,05202
27/05/2021;295,0054799;292,1749308;299,2875949;0,016245509;90596,38695
28/05/2021;294,5013345;292,4411152;297,7550318;0,020990211;90582,13631
29/05/2021;293,8024525;292,1959219;296,4194651;0,017161555;90533,27065
30/05/2021;294,2027157;291,4393759;298,2354656;0,005548225;90585,11911
31/05/2021;294,5327483;291,9312132;298,1567347;0,016416431;90588,57851
1/06/2021;294,4704398;291,9434479;298,7061349;0,015245756;90499,30161
2/06/2021;294,569047;291,8156708;298,3855482;0,008854267;90456,12795
3/06/2021;295,0105648;292,1393939;299,7424456;0,009063905;90429,05128
4/06/2021;294,8770031;292,0828817;299,103159;0,011337543;90460,65021
5/06/2021;294,9619044;292,3058004;298,6469248;0,007915391;90429,86328
6/06/2021;294,407739;292,1897784;297,4971634;0,021147688;90429,62687
7/06/2021;293,9416178;292,109463;296,7760449;0,022282056;90448,28512
8/06/2021;293,4660269;291,5317355;296,6998839;0,025379053;90634,84301
9/06/2021;293,345692;291,315335;296,5567577;0,011840945;90721,12832
10/06/2021;294,0369885;290,9573024;298,5972166;0,005324904;90704,63475
11/06/2021;294,5148905;291,7456998;298,8180646;0,010588214;90562,93951
12/06/2021;294,2030985;291,4030914;298,1985607;0,01148669;90503,61033
13/06/2021;293,813573;291,379179;297,1472108;0,016320795;90551,90399
14/06/2021;293,5631699;291,646596;296,7187131;0,014324841;90685,8372
15/06/2021;293,6966299;291,08909;297,6239437;0,006843437;90754,98299
16/06/2021;294,4475987;291,0102696;299,0288711;0,004086;90603,62613
17/06/2021;294,7215996;291,5426676;298,9605706;0,011257216;90466,50718
18/06/2021;294,3824144;291,4447027;298,7420002;0,017965277;90510,40915
19/06/2021;294,7966618;291,5981674;299,5949117;0,006793256;90551,2659
20/06/2021;294,5778209;291,5095864;298,7948185;0,009212151;90600,11231
21/06/2021;294,5217511;291,2457866;298,8097136;0,009156494;90615,6115
22/06/2021;294,0138439;290,9453596;298,0666664;0,008761973;90702,11575
23/06/2021;294,166462;290,8410697;298,7114631;0,006160853;90693,75908
24/06/2021;293,8394548;291,0191244;297,8622991;0,01201427;90606,35054
25/06/2021;293,9813979;290,460011;298,762562;0,009763421;90577,54384
26/06/2021;293,5610233;291,2917465;297,0275402;0,016145218;90580,31272
27/06/2021;293,7552356;290,7888276;297,6358121;0,008587162;90563,97883
28/06/2021;294,4326326;290,4252258;299,5361579;0,004569454;90586,01218
29/06/2021;295,0513332;290,8635311;300,3366076;0,003688971;90541,1572
30/06/2021;294,79899;291,5192442;299,3278122;0,011115648;90474,21121
1/07/2021;294,2153262;291,1167545;298,3616144;0,007683297;90531,11036
2/07/2021;294,5119896;291,1259273;299,189722;0,009695567;90627,3064
3/07/2021;294,6005649;291,1532641;298,8427624;0,007226312;90631,09651
4/07/2021;294,5970358;291,0508166;299,3665749;0,007302907;90652,55934
5/07/2021;294,7003282;291,0673087;299,5094325;0,006040107;90668,90251
6/07/2021;295,2043152;291,3260543;300,2061836;0,003084759;90625,71212
7/07/2021;295,5581471;291,4300181;300,8583831;0,00489923;90401,24637
8/07/2021;295,1661209;291,4599329;300,1263885;0,012090471;90349,82101
9/07/2021;294,9193834;291,8129098;298,929997;0,015560754;90413,69239
10/07/2021;294,0123605;291,7773829;297,1447209;0,024069971;90486,68477
11/07/2021;294,0137012;291,1562517;297,9613075;0,010610356;90530,39012
12/07/2021;294,8619675;291,2586363;299,714336;0,01252824;90467,44955
13/07/2021;294,7771173;291,3814217;299,3689626;0,013049438;90528,80556
14/07/2021;295,1625889;291,4021819;299,9637356;0,007434484;90583,16821
15/07/2021;295,4173769;292,083206;300,3207221;0,00827139;90528,31644
16/07/2021;294,9987889;291,7208262;299,9844149;0,010618274;90485,12444
17/07/2021;294,5491736;291,6472616;298,7966356;0,015926938;90504,67191
18/07/2021;294,8311964;291,5484134;299,1794784;0,010284363;90527,96828
19/07/2021;295,4128635;291,3246209;300,9699226;0,003814774;90514,98563
20/07/2021;296,2592026;291,8296395;301,5305233;0,004804019;90342,91264
21/07/2021;296,1963897;291,8388388;301,4399116;0,003715754;90350,43454
22/07/2021;296,1225518;292,4826209;300,981859;0,007615406;90456,63793
23/07/2021;295,8857051;292,3127003;300,4971599;0,008318744;90538,89099
24/07/2021;294,2279349;292,3101709;296,6615713;0,033612364;90604,90166
25/07/2021;293,2538492;291,8036939;295,6105765;0,027254593;90692,13552
26/07/2021;294,0758668;291,3801774;298,3131616;0,004851021;90666,1371
27/07/2021;293,7614675;291,6718744;297,1182935;0,020387728;90704,34217
28/07/2021;294,7714614;291,0916391;300,1542186;0,00244469;90546,63627
29/07/2021;295,4591;292,0472635;300,1596348;0,00809992;90415,52367
30/07/2021;295,1262459;291,7230355;299,9338625;0,009599003;90503,10895
31/07/2021;296,0478707;291,7842206;301,9449672;0,004949748;90511,40833
1/08/2021;295,9150996;292,1358424;300,6366391;0,008359364;90495,75605
2/08/2021;295,3518037;292,0896067;299,7962136;0,008424273;90621,47201
3/08/2021;294,6691297;291,6423578;298,7065565;0,013312654;90652,35456
4/08/2021;295,3622954;291,745207;300,3820743;0,004167515;90681,21997
5/08/2021;295,6843204;291,8478331;301,0955623;0,01062837;90639,1753
6/08/2021;295,336523;291,6014415;300,0925126;0,011987211;90620,22311
7/08/2021;294,8432233;291,7119334;299,1458558;0,018239693;90656,30185
8/08/2021;294,14383;291,7784429;298,0347864;0,018578042;90688,06512
9/08/2021;294,6147451;291,5144112;299,2898221;0,011613803;90609,30717
10/08/2021;294,8546215;291,7963207;299,7204721;0,017084145;90563,19257
11/08/2021;294,3375151;291,9996975;298,1323575;0,034211351;90629,41526
12/08/2021;294,6359189;291,6192688;299,2686233;0,011056748;90649,91877
13/08/2021;294,2035669;291,4549238;298,5088453;0,017240357;90673,6428
14/08/2021;293,8195271;291,7116044;297,1193692;0,016278322;90731,33338
15/08/2021;294,1395648;291,2408533;298,5764285;0,01102393;90646,40535
16/08/2021;294,0382971;290,8057085;298,4282961;0,013005835;90545,44006
17/08/2021;293,4269605;291,6936207;296,6004438;0,024686231;90592,29482
18/08/2021;294,0301365;291,3073777;297,8681023;0,010179802;90637,54469
19/08/2021;294,0237201;291,599386;298,0001986;0,014115359;90597,83986
20/08/2021;293,4486757;291,4179655;296,7805407;0,015456122;90482,10699
21/08/2021;294,5208046;291,1899033;299,493991;0,006014711;90361,61662
22/08/2021;294,8549637;291,6278002;299,5117283;0,010719619;90364,59146
23/08/2021;295,0610377;292,0495158;299,6161518;0,011308648;90294,71486
24/08/2021;294,1496012;292,0026747;297,5586852;0,028199609;90260,87607
25/08/2021;293,7153425;291,8733018;296,9869784;0,018158063;90367,90088
26/08/2021;294,1059697;291,4571969;298,3030947;0,008972615;90472,86611
27/08/2021;293,7999899;291,440953;297,6222741;0,021011585;90485,62951
28/08/2021;294,4235791;291,3771213;299,0989354;0,003519883;90530,08121
29/08/2021;294,9199588;291,637116;299,8173881;0,016619291;90470,21305
30/08/2021;293,7777793;291,8238;297,042198;0,034957146;90495,13532
31/08/2021;293,4758271;291,3751167;296,7087815;0,014723751;90584,63859
1/09/2021;294,0330917;290,7933252;298,7945169;0,005822947;90610,01518
2/09/2021;294,9579216;291,0772183;300,3599251;0,003406862;90588,30173
3/09/2021;295,0081602;291,3735492;299,947376;0,006156945;90522,21559
4/09/2021;294,869494;291,3379041;299,6439831;0,005740445;90412,49587
5/09/2021;294,3479785;291,4389212;298,1558725;0,012452159;90512,45885
6/09/2021;294,2233521;291,039277;298,7607732;0,008893003;90546,30407
7/09/2021;293,9944349;291,6484996;297,9724676;0,01463703;90564,46366
8/09/2021;294,4328327;291,6723503;299,1144746;0,01239047;90554,22717
9/09/2021;294,6679551;291,2874505;299,7222398;0,008391735;90530,4772
10/09/2021;295,2093363;291,3793003;300,5751616;0,01016795;90457,51416
11/09/2021;294,1089128;292,0019527;297,3893432;0,034326729;90553,88037
12/09/2021;294,2202344;291,6717395;298,177401;0,016541233;90682,56542
13/09/2021;294,2833828;291,2423452;298,8721382;0,011538568;90716,26491
14/09/2021;294,1942677;291,1582843;298,5249386;0,010308488;90662,01546
15/09/2021;294,3575353;291,1378879;299,2392369;0,008146928;90615,122
16/09/2021;294,8280854;291,1973497;300,0265138;0,005306299;90622,22999
17/09/2021;295,6645172;291,3400322;301,3056619;0,002676056;90562,75419
18/09/2021;295,5549149;291,505776;300,7450731;0,006310417;90480,74103
19/09/2021;294,7101329;291,7413637;298,9109008;0,013496246;90487,39474
20/09/2021;294,4978918;291,5758028;298,7631396;0,008915174;90474,47436
21/09/2021;294,4848682;291,3270106;298,8113474;0,011821042;90466,18595
22/09/2021;294,2138891;291,495611;298,2237563;0,01985966;90465,90157
23/09/2021;293,8059305;291,7375633;297,3084092;0,025175461;90485,26071
24/09/2021;294,1820603;291,5710138;298,5015055;0,00902862;90545,23339
25/09/2021;295,3731909;291,9075364;300,7099167;0,00878098;90488,88251
26/09/2021;295,7589418;291,316364;301,5575858;0,003798827;90501,65624
27/09/2021;295,462628;291,2912931;300,8442915;0,007955271;90556,14629
28/09/2021;294,3173242;292,0211619;297,6152805;0,014462382;90508,61398
29/09/2021;294,2182479;291,4131699;298,5603739;0,01056841;90542,23323
30/09/2021;293,7131617;291,5105825;297,15103;0,01426896;90556,06105
1/10/2021;294,1162934;290,7730409;298,7589217;0,007854394;90501,03477
2/10/2021;294,6538211;291,1778422;299,7888158;0,007625504;90424,99082
3/10/2021;294,904944;291,6302832;299,8947403;0,009666463;90281,55985
4/10/2021;294,5970769;291,9154122;299,1328637;0,014965152;90271,80337
5/10/2021;294,6825309;291,9689435;299,1896746;0,014404985;90333,31931
6/10/2021;294,6265072;292,0860182;298,7620444;0,017787151;90384,50598
7/10/2021;295,1559489;292,1242464;299,943751;0,009866011;90347,41462
8/10/2021;294,7052646;292,0384646;298,8071353;0,014876575;90396,6332
9/10/2021;294,2487073;291,975283;298,0466693;0,012730709;90448,15011
10/10/2021;294,0419728;291,4488315;297,9234716;0,011016933;90492,65992
11/10/2021;294,2828934;291,9380541;298,1634437;0,011574963;90537,15507
12/10/2021;294,9608141;292,3056435;299,2571724;0,008026571;90488,52344
13/10/2021;294,9678207;292,0907426;299,5112385;0,009232622;90464,2572
14/10/2021;295,0443457;291,9136173;300,0813468;0,008486541;90423,21649
15/10/2021;294,8917256;292,271817;299,2823959;0,007639932;90431,52775
16/10/2021;294,3062078;291,9928375;297,8888401;0,026309048;90546,07855
17/10/2021;293,9275274;291,3946778;298,1901423;0,012092316;90664,6991
18/10/2021;294,2273836;291,1502324;298,815858;0,0090029;90583,08388
19/10/2021;294,5998174;291,4102778;299,3706105;0,011214411;90552,751
20/10/2021;294,3905734;291,6689359;298,6097566;0,02288211;90641,90685
21/10/2021;294,2549621;291,7795551;298,3420051;0,008077008;90633,53053
22/10/2021;294,0199443;291,7304161;297,773531;0,013529642;90587,50466
23/10/2021;294,1289985;291,5333562;297,9822199;0,01479283;90527,35442
24/10/2021;294,3738526;291,1871757;298,6906817;0,004967327;90582,86956
25/10/2021;294,5975438;291,8049881;298,5930708;0,010860493;90645,08663
26/10/2021;294,3509517;292,0348323;298,1733947;0,012687753;90587,6731
27/10/2021;294,0261297;291,6279058;298,0269627;0,013614661;90545,96116
28/10/2021;294,7374568;291,2662202;299,7012097;0,009271735;90559,94124
29/10/2021;293,6279288;291,8830538;296,6599333;0,036733515;90587,70568
30/10/2021;293,8621094;290,9915186;298,2096694;0,008252357;90528,5658
31/10/2021;293,7773796;291,5164459;297,8400872;0,014733466;90609,94438
1/11/2021;293,5446325;291,1487525;297,5430405;0,011268717;90634,15014
2/11/2021;293,3378868;291,419118;296,7296534;0,021151306;90581,137
3/11/2021;293,437161;291,2463321;297,175747;0,01678692;90553,96291
4/11/2021;293,5181612;291,3776121;297,1527452;0,015738333;90555,96
5/11/2021;293,8413411;291,2576619;297,7624098;0,008304174;90502,08881
6/11/2021;294,4425866;291,380725;298,6192159;0,005626926;90497,28567
7/11/2021;294,5970468;291,6217069;298,7925863;0,006884411;90495,6149
8/11/2021;293,808943;291,6322503;297,1725618;0,023028527;90586,71467
9/11/2021;293,9255107;291,3686825;298,0792179;0,009190214;90544,91385
10/11/2021;293,9486461;291,2623989;297,9296002;0,00512799;90511,58334
11/11/2021;294,3930007;290,9313325;299,0437344;0,001901286;90481,46719
12/11/2021;294,5195607;291,3618588;298,4387113;0,006713145;90477,59635
13/11/2021;294,291575;291,6900693;298,1708483;0,006918556;90445,57076
14/11/2021;294,0539163;291,5424762;297,722653;0,012441156;90437,49934
15/11/2021;294,0509292;291,7830869;297,488672;0,011455975;90460,43182
16/11/2021;294,3078479;291,6481093;298,3488391;0,006258835;90396,06967
17/11/2021;294,4258645;291,6579222;298,3342861;0,006370121;90427,99525
18/11/2021;294,3646486;290,8582188;298,7684767;0,007277885;90465,38488
19/11/2021;293,851748;291,2176786;297,354473;0,010963198;90491,69616
20/11/2021;293,875882;291,0871769;297,9847991;0,006301394;90455,35379
21/11/2021;293,9072103;291,3756293;297,7347858;0,011535404;90449,09736
22/11/2021;293,7686046;291,4085057;297,4650542;0,013811655;90458,72116
23/11/2021;293,3403349;291,482746;296,3152074;0,016876103;90490,33888
24/11/2021;293,0951803;291,1637568;296,2909232;0,014731892;90584,88012
25/11/2021;293,3832463;290,9349502;297,1924603;0,015606085;90550,06512
26/11/2021;293,1105489;291,4089027;295,89146;0,018740985;90506,05241
27/11/2021;293,9582594;291,1747469;298,3829442;0,007416328;90509,67697
28/11/2021;294,5818264;291,285151;298,9725031;0,004426483;90430,2693
29/11/2021;294,2905065;291,6920452;298,3361507;0,011089391;90358,34872
30/11/2021;293,7779374;291,5215232;297,3905552;0,010093557;90458,56485
1/12/2021;293,8303786;291,4434426;297,6412599;0,009530647;90563,44093
2/12/2021;294,4022831;291,1220003;299,0721346;0,002469708;90488,16
3/12/2021;294,6652253;291,7834097;298,994843;0,006282235;90339,48612
4/12/2021;294,5121654;291,8672248;299,0460785;0,006958173;90366,50219
5/12/2021;294,5208301;291,9899952;298,6149919;0,005895761;90421,14705
6/12/2021;294,7410149;291,9157722;298,8558233;0,005350513;90484,96379
7/12/2021;295,0127556;291,8648784;299,3783301;0,002237084;90403,7446
8/12/2021;295,2821362;292,114366;299,5521858;0,005458164;90394,12724
9/12/2021;295,16079;292,2007426;299,3031248;0,003378013;90413,17373
10/12/2021;295,0614952;292,079526;299,1055949;0,002694849;90314,99351
11/12/2021;294,5588617;292,3728636;298,0274806;0,007601994;90330,23457
12/12/2021;293,7101637;291,9897818;296,2198682;0,010545522;90494,94859
13/12/2021;293,7767242;290,1852093;298,4459145;9,49E-04;90529,86163
14/12/2021;294,1952749;290,8878395;298,4656375;0,002108516;90512,62446
15/12/2021;294,3530915;291,7217331;298,4692871;0,004473255;90466,60771
16/12/2021;294,4197097;291,4916651;298,9206994;0,00493616;90341,70317
17/12/2021;294,0706536;292,0974913;297,3999627;0,01658011;90381,5142
18/12/2021;293,840756;291,554288;296,9427269;0,00993021;90454,43205
19/12/2021;294,2368139;291,6768088;298,3470407;0,007301843;90458,15681
20/12/2021;294,1235573;291,8332559;297,3647583;0,006571428;90431,63125
21/12/2021;293,7424441;291,9196615;296,5561255;0,011672518;90459,23283
22/12/2021;293,5857879;291,1862379;297,3580571;0,010336117;90597,32824
23/12/2021;294,1592532;291,4221491;298,0011194;0,003236693;90643,52245
24/12/2021;294,5362289;291,8298526;298,637351;0,002602934;90600,85658
25/12/2021;294,9531769;292,1463312;299,0997203;0,003133164;90488,39742
26/12/2021;294,4441785;291,6506459;298,2098209;0,007925548;90530,10475
27/12/2021;294,141016;291,895056;297,6287152;0,012057339;90509,94992
28/12/2021;294,1358299;291,6315787;298,0356522;0,004561769;90449,83645
29/12/2021;294,2488585;291,8111025;297,7366976;0,008496298;90507,88068
30/12/2021;294,0341934;291,5006657;297,881181;0,004196727;90524,81441
31/12/2021;294,6440661;291,5266545;298,9250361;0,001778026;90399,32269
1/01/2022;294,6442971;291,9785678;298,2265254;0,004742037;90404,05304
2/01/2022;294,6059699;292,2366953;298,0555242;0,007949298;90497,19979
3/01/2022;294,4580482;291,4616806;298,2800294;0,005036266;90607,71066
4/01/2022;294,5836917;290,9976652;298,9499327;0,001454169;90482,04014
5/01/2022;294,2292067;290,6382938;298,73478;0,002600901;90357,66648
6/01/2022;294,2715;291,4506096;298,3012525;0,004082374;90354,3407
7/01/2022;293,5211167;291,7357053;295,929426;0,0111178;90507,79888
8/01/2022;293,6465059;290,5851096;298,0538581;0,004983825;90663,77507
9/01/2022;294,0587849;290,9391114;298,3924957;0,002103026;90685,75468
10/01/2022;293,5903706;291,0736134;296,5092575;0,006711987;90594,2009
11/01/2022;293,3810892;291,7489801;296,0702407;0,006961227;90620,97864
12/01/2022;293,8981392;291,5088604;297,6971051;0,002255482;90607,72524
13/01/2022;293,5692654;291,2781608;296,7900745;0,00876873;90682,44097
14/01/2022;293,470599;290,6595715;297,6926848;0,002513051;90676,53884
15/01/2022;294,0836372;290,7920595;298,3964532;0,001108905;90634,9165
16/01/2022;294,4156808;290,8440505;298,7781557;0,001783566;90596,40081
17/01/2022;294,2523309;291,3716284;298,4855062;0,003818277;90582,94316
18/01/2022;294,3769796;291,5250013;298,6748331;0,002894184;90539,10088
19/01/2022;295,1340505;291,3842471;300,2057096;0,001172483;90431,7988
20/01/2022;295,6147152;291,5515;300,7179593;0,001378115;90316,70698
21/01/2022;295,3719982;291,8821822;299,9612364;0,001952623;90410,45697
22/01/2022;294,9321414;291,9834602;298,98646;0,002864441;90456,68345
23/01/2022;295,1334904;291,7326024;299,6539511;0,001692935;90394,16751
24/01/2022;295,0603808;292,2554186;298,8002025;0,003310805;90312,7681
25/01/2022;294,8623402;292,2778795;298,9204807;0,007356108;90397,08403
26/01/2022;294,527919;291,4138583;298,6020002;0,007767482;90479,30957
27/01/2022;294,6717531;291,964674;298,4899647;0,00494103;90503,97505
28/01/2022;294,570937;290,9915179;299,2486824;0,003115402;90516,96215
29/01/2022;294,4794588;291,0582641;298,7626232;0,004185008;90566,45461
30/01/2022;294,1310619;290,1836231;298,8136387;9,70E-04;90587,04709
31/01/2022;294,2476697;290,0791831;299,266015;9,33E-04;90552,18704
1/02/2022;294,2952475;290,3209175;299,1433412;0,00166087;90468,24933
2/02/2022;294,8052702;290,6746225;300,0250375;8,51E-04;90389,85175
3/02/2022;295,266034;291,0686922;300,3916779;0,00150803;90417,39457
4/02/2022;294,941344;291,9953783;299,0736698;0,009747587;90551,25647
5/02/2022;294,4192188;291,4641654;298,7741652;0,009863858;90543,58418
6/02/2022;294,3591165;291,1966541;299,1746495;0,00771534;90495,44102
7/02/2022;294,4275376;292,0164858;298,1466935;0,007832823;90520,69504
8/02/2022;294,2919507;291,6577925;298,0866848;0,008485942;90524,65887
9/02/2022;293,7253462;291,2303409;297,9563802;0,010844161;90504,72706
10/02/2022;294,1520646;291,3217234;298,8941266;0,006235422;90406,1881
11/02/2022;294,6190351;291,0195084;299,1960049;0,002776774;90331,49476
12/02/2022;295,1124153;291,6145264;299,5810741;0,003377294;90317,77069
13/02/2022;294,9163505;292,042444;298,9222334;0,012056066;90362,08439
14/02/2022;294,4210448;291,8575307;298,4470202;0,009023485;90484,16121
15/02/2022;294,3797784;291,29264;299,0544296;0,004677284;90506,67764
16/02/2022;294,8431248;291,2508281;299,4660986;0,005151469;90476,05056
17/02/2022;295,3031789;291,6655205;300,1689451;0,003554902;90467,36374
18/02/2022;294,9536538;292,4049611;298,528678;0,010583339;90422,89936
19/02/2022;294,2376798;291,6968443;298,0298175;0,011325615;90461,07452
20/02/2022;294,3135843;291,0466786;299,1890485;0,008800544;90482,48773
21/02/2022;294,5876002;289,9489222;300,0052117;0,003117145;90461,78285
22/02/2022;295,3408286;291,1600264;300,6492576;0,002729882;90436,75454
23/02/2022;295,448911;291,3952575;300,3310756;0,002666879;90459,85152
24/02/2022;295,3711131;291,4199303;300,0373483;0,00330552;90441,15169
25/02/2022;295,3010985;292,1063929;299,3277291;0,006127293;90468,71659
26/02/2022;294,8974954;292,2163558;298,3655445;0,009430365;90554,72535
27/02/2022;294,5759144;292,0365201;298,4316023;0,01022473;90550,93565
28/02/2022;294,0645068;291,9357665;297,6096852;0,01132393;90528,52773
1/03/2022;293,9496224;291,4914588;298,466044;0,016976784;90501,62097
2/03/2022;294,0256233;291,6314859;298,5667032;0,012970787;90518,73796
3/03/2022;294,2620977;291,5266775;298,649694;0,012612612;90521,28426
4/03/2022;293,8375466;291,466368;297,5987661;0,015709493;90530,45801
5/03/2022;293,9212335;291,7988905;297,7833272;0,017847402;90513,87806
6/03/2022;293,4376999;291,8146895;296,4581302;0,01882646;90560,14585
7/03/2022;293,5693112;289,9645163;298,2970568;0,005143924;90520,06368
8/03/2022;294,0532253;290,4672707;298,8051818;0,003741791;90459,47988
9/03/2022;294,3312106;290,8808062;298,9425094;0,005149405;90457,79813
10/03/2022;294,4548612;290,953964;299,1455023;0,006805835;90524,56398
11/03/2022;294,5881563;290,8084615;299,5723736;0,009061866;90533,24285
12/03/2022;294,8371737;291,1537511;299,6018271;0,006672007;90496,33432
13/03/2022;294,5767125;291,5740965;299,0180359;0,008207382;90604,91751
14/03/2022;294,6951527;291,3032974;299,4990643;0,006974859;90520,38194
15/03/2022;294,2123742;291,3812;298,4788192;0,014635696;90525,41825
16/03/2022;294,643133;291,4536892;299,3317114;0,008853211;90502,32974
17/03/2022;294,6438862;291,4593424;299,0897607;0,008574076;90481,15755
18/03/2022;294,8748474;291,8133947;299,3579679;0,005434079;90466,85341
19/03/2022;294,913053;291,8903838;299,1642847;0,007930591;90441,29519
20/03/2022;294,8537218;291,8524845;299,267741;0,010266374;90448,57104
21/03/2022;294,9048793;291,2761504;299,632868;0,004608858;90360,96857
22/03/2022;295,2666458;292,1516678;299,8885583;0,008622419;90310,0177
23/03/2022;295,5550182;292,0786348;300,058168;0,004301622;90345,71039
24/03/2022;295,4729552;291,9879782;300,1472991;0,006515716;90361,92901
25/03/2022;295,1810287;292,3850023;299,2954656;0,008958702;90383,02928
26/03/2022;294,9234643;291,9718583;299,5090875;0,007638294;90367,95745
27/03/2022;294,395327;291,8729084;298,7109504;0,013516688;90449,76797
28/03/2022;294,4629436;291,3598392;299,1803158;0,016211171;90476,97512
29/03/2022;294,3634312;291,9242087;298,1799621;0,017882492;90515,03586
30/03/2022;294,1389691;291,5930021;297,9007767;0,01331861;90420,18558
31/03/2022;294,2277872;291,6322312;298,3579475;0,010706905;90361,66178
1/04/2022;294,1121722;291,5434812;297,922788;0,010913628;90455,65226
2/04/2022;294,7668525;291,5209433;299,7114353;0,0063079;90493,59052
3/04/2022;294,8800898;291,9733241;299,0695605;0,012975406;90390,33019
4/04/2022;294,387646;291,9317071;298,6427415;0,019105124;90402,93397
5/04/2022;294,5220791;291,7099324;299,4738256;0,010576749;90427,36535
6/04/2022;295,2836805;292,0746696;300,0087172;0,009107898;90335,16859
7/04/2022;294,4923413;292,3206886;298,0509631;0,026017106;90376,40579
8/04/2022;294,5732884;292,1522748;298,4638672;0,011627251;90446,65103
9/04/2022;294,7083396;291,7942062;299,3023017;0,01125434;90462,0163
10/04/2022;294,7533539;292,192188;299,0065378;0,01681071;90393,25498
11/04/2022;295,1410046;292,1101274;299,6688806;0,007381764;90372,92608
12/04/2022;295,300376;292,0621349;300,2518598;0,008493882;90306,07045
13/04/2022;295,3611052;292,3244343;299,6809092;0,00763173;90285,51884
14/04/2022;295,1801896;292,085545;299,6022396;0,00984415;90301,26544
15/04/2022;295,0032322;292,2504722;299,2616342;0,012045364;90354,12941
16/04/2022;294,9648259;292,3689421;299,6406664;0,015324416;90354,06989
17/04/2022;294,3446727;292,0028092;297,6753724;0,017199564;90421,4445
18/04/2022;294,1444726;291,8878722;298,0596727;0,015448572;90486,22245
19/04/2022;293,3819423;291,9690432;296,1216531;0,03032665;90608,0643
20/04/2022;293,5450754;290,7861922;297,5956568;0,011982429;90671,36611
21/04/2022;293,5595746;291,4131822;297,2991919;0,017825083;90694,91935
22/04/2022;293,3480141;291,3057042;296,7600336;0,018313829;90650,14855
23/04/2022;293,7561671;291,0219319;298,1136197;0,007445069;90534,1819
24/04/2022;294,2864852;291,5633986;298,1952129;0,010441181;90420,17423
25/04/2022;294,0087683;291,9987012;297,8713287;0,015865906;90454,67405
26/04/2022;294,3829298;291,5412268;298,4038456;0,009259076;90480,25526
27/04/2022;294,5900502;291,4424424;299,3814869;0,011750696;90421,46065
28/04/2022;294,1072587;291,7016183;297,9209934;0,019466994;90434,71849
29/04/2022;294,6420666;291,6327355;299,3988173;0,01833394;90404,94774
30/04/2022;295,1785697;291,5843255;299,9699169;0,008053039;90346,65603
1/05/2022;295,0248884;292,2000214;299,6732771;0,011792029;90424,35546
2/05/2022;294,9924103;291,9214312;299,2724145;0,00822446;90489,81471
3/05/2022;296,0128282;292,0211821;301,13773;0,001595581;90437,95392
4/05/2022;296,0026182;292,599831;300,7511657;0,009063816;90381,60602
5/05/2022;294,5205138;292,1845701;298,3504451;0,026768229;90531,05675
6/05/2022;293,7899654;291,854025;297,0458421;0,015401741;90703,29743
7/05/2022;294,5952049;291,7143926;298,9107599;0,004901738;90655,13574
8/05/2022;295,1923713;291,6726623;300,1149004;0,005758111;90518,29078
9/05/2022;295,2560215;291,9287919;300,0859778;0,008477291;90423,74916
10/05/2022;294,5027825;292,2454015;298,4184273;0,018071613;90479,81196
11/05/2022;294,1154907;292,3266717;297,4363967;0,024371281;90473,07829
12/05/2022;294,6683409;292,0597869;298,6378646;0,011046066;90408,74261
13/05/2022;294,9028905;292,4569213;298,8320775;0,012377715;90358,85327
14/05/2022;294,9259329;292,1774463;299,0484041;0,00961124;90426,31322
15/05/2022;295,0573679;292,3868239;299,2248604;0,008828639;90454,85879
16/05/2022;295,1107772;292,249555;299,6328373;0,010692576;90488,95767
17/05/2022;294,4132493;292,4702498;297,4318896;0,038903609;90641,4066
18/05/2022;294,1719495;292,0892459;297,6617639;0,015519706;90749,37241
19/05/2022;294,0396153;291,8149885;297,8936101;0,013940351;90677,42442
20/05/2022;294,0735672;291,758474;297,5276006;0,010253173;90671,73289
21/05/2022;294,5426576;291,5480606;298,8301497;0,006604557;90774,43656
22/05/2022;295,1600555;291,5393094;300,260037;0,004689972;90708,06149
23/05/2022;294,4666527;291,5974896;298,5456692;0,009609334;90574,4414
24/05/2022;294,1237114;291,5550597;297,9699448;0,018735988;90474,83748
25/05/2022;294,1967967;291,7821035;298,0713955;0,014766898;90494,00373
26/05/2022;294,2317349;292,0618822;297,6160873;0,015015137;90571,0781
27/05/2022;294,6391408;291,3989809;298,9784561;0,007321269;90526,11685
28/05/2022;294,269306;291,9420179;297,7804784;0,025869277;90453,30775
29/05/2022;294,2367461;291,2517526;298,5449014;0,01112476;90405,55266
30/05/2022;294,0262838;291,3182824;298,188532;0,013366815;90410,30631
31/05/2022;293,9143741;291,7710085;297,6497691;0,01513647;90481,53065
1/06/2022;294,1614725;290,9171293;298,4739461;0,011543608;90474,96304
2/06/2022;293,7452749;291,6220855;297,2182113;0,025032973;90555,94125
3/06/2022;293,4496469;291,3388497;296,5879588;0,01368519;90643,02921
4/06/2022;293,7697561;290,9831435;297,5307111;0,008646905;90583,32044
5/06/2022;294,042495;291,3573887;298,2614782;0,008484038;90520,59595
6/06/2022;294,1514901;291,3664941;298,1107284;0,010340649;90502,28044
7/06/2022;293,3987586;291,5397225;296,299569;0,021348849;90536,94717
8/06/2022;293,4711977;290,9797585;297,3239532;0,007414247;90579,86162
9/06/2022;293,5836442;291,0415238;297,3184635;0,007797171;90569,44662
10/06/2022;293,8035343;290,5500027;298,2170556;0,008524021;90510,18486
11/06/2022;293,5355152;291,4907479;296,8758297;0,017340388;90510,74603
12/06/2022;293,816527;291,2847559;297,7118437;0,008643277;90578,37193
13/06/2022;294,0265157;291,5003199;298,3507204;0,014570356;90550,27016
14/06/2022;293,3286307;291,5377075;296,1130382;0,016192119;90539,57096
15/06/2022;293,9264392;291,1172316;298,2491614;0,006239227;90538,44603
16/06/2022;293,9758035;291,1378972;297,9673766;0,012125509;90595,03373
17/06/2022;293,279693;291,5309333;296,2865446;0,032430192;90579,52219
18/06/2022;293,6150268;290,7550454;298,1136171;0,008223088;90530,53076
19/06/2022;293,2525154;291,4375495;296,2710793;0,021820425;90586,35454
20/06/2022;293,5091252;290,9702349;297,1714785;0,009235377;90613,72091
21/06/2022;293,7991919;290,9595896;297,8613069;0,009997535;90555,21553
22/06/2022;294,1147072;290,8967167;298,7291169;0,008302559;90426,23078
23/06/2022;294,2444405;290,891652;299,2538423;0,008753329;90366,63839
24/06/2022;293,9254682;291,3695257;297,8774149;0,031658308;90444,00414
25/06/2022;293,6958061;291,6060936;296,764443;0,011505422;90578,3126
26/06/2022;293,5226142;291,2594598;296,9031802;0,011429684;90633,2751
27/06/2022;293,3479044;290,5160317;297,2818588;0,01076992;90689,42638
28/06/2022;293,7153905;290,7626719;298,0798748;0,013387892;90711,76682
29/06/2022;293,9220505;291,4198785;297,5073306;0,012813259;90672,16476
30/06/2022;293,9199528;290,9709672;298,006892;0,012014896;90523,09732
1/07/2022;294,4038415;291,5147799;298,7605399;0,011405025;90413,06387
2/07/2022;294,352235;291,8129245;298,4161619;0,025671016;90421,92253
3/07/2022;294,8152883;291,7689073;298,9493446;0,008305394;90471,02634
4/07/2022;294,812076;291,8631304;299,5918136;0,016186883;90481,2949
5/07/2022;294,5244199;291,7168209;298,7353469;0,010378605;90536,28832
6/07/2022;294,692277;291,6486498;298,9407072;0,006528825;90482,99101
7/07/2022;294,7958501;291,5791373;299,3469966;0,012238874;90403,85171
8/07/2022;294,579329;291,5687833;299,1763622;0,022157344;90476,21385
9/07/2022;295,0286542;291,2291843;300,4174205;0,011846602;90598,14684
10/07/2022;294,6457216;291,7086271;298,6632628;0,020815604;90588,05334
11/07/2022;293,5698621;291,8794953;296,0047828;0,028132052;90513,35671
12/07/2022;294,117872;291,5264787;298,1825259;0,008263388;90545,59537
13/07/2022;294,2914424;291,386601;298,6355455;0,01198279;90583,27543
14/07/2022;294,2578462;291,5242119;297,9568919;0,018106378;90619,04681
15/07/2022;294,3785371;291,3582067;298,5452092;0,005180742;90627,70452
16/07/2022;294,5182933;291,7438271;298,7217423;0,007517325;90518,04255
17/07/2022;294,4578536;291,7274862;298,8826348;0,01185617;90451,5658
18/07/2022;294,8642188;291,3691871;299,4972601;0,00633007;90499,3436
19/07/2022;295,3760386;291,8336686;300,1897886;0,008817512;90472,3466
20/07/2022;294,896914;291,4896199;299,3601172;0,008993559;90416,7174
21/07/2022;294,5375723;291,6304883;298,5412762;0,026880772;90448,06527
22/07/2022;294,1292166;291,6973812;297,588273;0,020872054;90525,07454
23/07/2022;293,6652747;291,6834275;296,9630385;0,02082866;90548,88822
24/07/2022;293,725063;291,1684124;297,4119181;0,007871238;90541,94323
25/07/2022;293,756834;291,2966563;297,3451418;0,025252054;90522,26407
26/07/2022;293,7962528;291,3002406;297,5065435;0,012653064;90618,91244
27/07/2022;293,4933544;291,2836935;297,1866891;0,01440598;90603,31687
28/07/2022;292,9769369;291,4558964;295,7867031;0,028421693;90619,76275
29/07/2022;294,312227;290,778247;299,608868;0,003434878;90548,01846
30/07/2022;295,1494153;291,0494825;300,410256;0,004585003;90445,27581
31/07/2022;294,6645081;291,5509587;298,8468719;0,009047678;90472,56995
1/08/2022;294,3356709;291,8368845;298,2353808;0,015732814;90481,74922
2/08/2022;293,9910359;291,6011018;297,8313601;0,016200243;90470,36103
3/08/2022;293,8385147;291,6429779;297,784792;0,019185007;90440,31019
4/08/2022;294,1853332;291,6604479;298,3784704;0,009576663;90430,62861
5/08/2022;293,9085802;291,4326737;297,5217578;0,012621287;90407,0951
6/08/2022;293,5967013;291,7876353;296,3866151;0,021457334;90427,44454
7/08/2022;294,5468452;291,5494563;299,0345382;0,003439718;90446,9458
8/08/2022;295,2055218;291,3839828;300,0811094;0,004267073;90366,79235
9/08/2022;295,1947296;291,9494517;299,8017732;0,009494276;90428,16225
10/08/2022;294,9098193;291,9745836;299,0283457;0,01106051;90522,2294
11/08/2022;294,8672244;291,0750007;299,6391307;0,010862829;90569,64857
12/08/2022;294,1795865;291,4649679;298,0932832;0,022216373;90658,80836
13/08/2022;293,8026888;291,357004;297,8127629;0,01967939;90725,11977
14/08/2022;294,0744393;291,0263688;298,4209125;0,010337679;90659,54986
15/08/2022;293,8000324;291,4934906;297,7845164;0,025816495;90565,82398
16/08/2022;294,168407;290,850677;298,5513368;0,006723879;90619,84478
17/08/2022;294,811345;290,9606426;300,0857325;0,004039324;90535,09465
18/08/2022;295,0339605;291,3814205;299,8084763;0,00783409;90415,27759
19/08/2022;295,3586727;291,584934;300,447057;0,002910784;90401,98766
20/08/2022;294,9500831;291,9537458;299,3894386;0,012881043;90483,92434
21/08/2022;294,1731166;291,6595608;298,0032229;0,009582467;90531,28036
22/08/2022;294,0142615;291,7220246;297,8652571;0,012056414;90500,64926
23/08/2022;294,3083972;291,3056708;298,7943144;0,006455993;90481,6426
24/08/2022;294,9802667;291,528001;299,8819976;0,005121903;90489,18104
25/08/2022;294,3648884;291,3898761;298,8762027;0,018177094;90578,86324
26/08/2022;294,4284971;291,1119822;299,2848077;0,005576478;90608,22225
27/08/2022;294,3476845;291,0350982;299,0274903;0,008817092;90513,2447
28/08/2022;293,8431441;291,4256469;297,9780069;0,021833594;90508,57138
29/08/2022;293,8269643;291,4288729;297,9815544;0,014991921;90577,86639
30/08/2022;294,7753757;290,9166802;300,074254;0,011346847;90562,87411
31/08/2022;294,5396064;291,447915;298,8528025;0,01881849;90544,87721
1/09/2022;294,040465;291,3593713;298,3065871;0,010390395;90501,53849
2/09/2022;294,1404484;291,1542658;298,7434712;0,010136716;90433,03095
3/09/2022;294,977415;291,4137081;300,1619651;0,00810023;90406,66274
4/09/2022;294,6852249;291,988817;298,6935537;0,024912954;90405,16145
5/09/2022;295,143089;291,4588156;300,0014676;0,005230949;90524,12199
6/09/2022;295,4734136;291,604252;300,7236072;0,007278017;90608,4512
7/09/2022;295,118455;291,81339;299,7258465;0,015697028;90611,77392
8/09/2022;294,6698616;291,6914973;298,9392833;0,014545849;90494,98078
9/09/2022;294,6416693;291,6334569;299,4395284;0,009443724;90437,39982
10/09/2022;294,9906123;291,209027;300,1916253;0,009929908;90529,90156
11/09/2022;295,1547897;291,6574952;300,0322572;0,009282002;90634,54893
12/09/2022;294,6024033;291,7062948;299,0684998;0,008550191;90619,28487
13/09/2022;293,9341948;291,3799953;298,4780834;0,014386294;90535,64648
14/09/2022;293,7327757;291,3443824;297,9222552;0,01701445;90520,2546
15/09/2022;294,5338646;291,386806;299,5535585;0,008225307;90526,37006
16/09/2022;294,3856081;291,499962;298,6011097;0,017681147;90513,73516
17/09/2022;294,2072919;291,534502;298,5931761;0,015420765;90517,71074
18/09/2022;294,0696725;291,5673831;298,6534499;0,016335505;90519,54786
19/09/2022;293,2316148;291,3810361;296,2026381;0,027660246;90599,14502
20/09/2022;293,8910823;291,1137024;298,4799504;0,007452765;90582,07417
21/09/2022;294,2354052;291,1799814;298,8780014;0,010078185;90551,24031
22/09/2022;293,6188827;291,5450938;297,0611767;0,01474961;90560,56452
23/09/2022;294,2618542;291,322216;299,0613853;0,009618727;90551,8273
24/09/2022;294,4120236;291,2221942;299,2973982;0,00953655;90464,01106
25/09/2022;294,3857548;291,3179869;299,0419155;0,007636412;90401,49413
26/09/2022;294,8235645;291,1887107;299,4779642;0,008758876;90408,03415
27/09/2022;294,9412803;291,6414062;299,8613644;0,005603351;90484,51937
28/09/2022;294,6115038;291,734512;298,8810124;0,009205858;90535,16393
29/09/2022;294,1582804;291,6050337;298,1581645;0,011127504;90512,05037
30/09/2022;293,7377484;291,3847432;297,2415916;0,012421121;90388,16641
1/10/2022;293,4968596;291,5502956;296,565302;0,014665225;90472,05294
2/10/2022;294,6080531;290,9619627;299,9751159;0,003684874;90616,00225
3/10/2022;295,2948992;291,3920831;300,3615255;0,004333686;90545,70654
4/10/2022;294,9094855;291,4754805;299,6346163;0,008222102;90444,25401
5/10/2022;294,1544223;291,7194966;298,1365995;0,012413372;90450,87178
6/10/2022;294,0312607;291,42504;298,0689847;0,009875422;90479,19481
7/10/2022;293,99367;291,401762;298,3295698;0,014834523;90415,57615
8/10/2022;293,7467051;291,6916627;297,1546432;0,017818164;90343,67992
9/10/2022;293,7833584;291,6567762;297,38268;0,021270632;90444,92991
10/10/2022;294,1004204;291,1386183;298,4234096;0,007244967;90528,30668
11/10/2022;294,7187018;291,426469;299,5000969;0,004541523;90573,0021
12/10/2022;294,267825;291,4265204;298,876173;0,014473794;90506,56727
13/10/2022;293,7652608;291,2795944;297,6210387;0,01491107;90525,27418
14/10/2022;293,7355723;291,4243971;297,4171302;0,013191646;90546,02373
15/10/2022;294,0867744;291,4137619;298,2468504;0,010816997;90515,27766
16/10/2022;294,1184824;291,4324264;298,2187661;0,012489524;90477,02546
17/10/2022;293,9899759;291,6168511;297,5462952;0,021371147;90431,62029
18/10/2022;293,6133182;291,8044854;296,6314914;0,021976865;90503,60219
19/10/2022;294,0111956;291,3726276;298,087693;0,011939206;90577,27069
20/10/2022;293,5394224;291,9347192;296,4298187;0,022368423;90594,88398
21/10/2022;293,8981442;291,4890387;298,3263416;0,012003096;90503,16491
22/10/2022;293,7602184;291,8698399;297,0336026;0,015025375;90473,04724
23/10/2022;293,7723211;291,8935596;297,2194508;0,014104187;90495,19719
24/10/2022;293,7872088;291,46551;297,4954533;0,014371676;90529,47716
25/10/2022;293,6974487;291,7174542;296,7173099;0,020508264;90557,68182
26/10/2022;293,5622525;291,6490305;296,8748293;0,020466554;90480,33052
27/10/2022;293,5770933;291,2277402;297,2111795;0,009183342;90459,44181
28/10/2022;293,7012111;291,778793;296,9877212;0,012373785;90558,76782
29/10/2022;293,6178765;291,4065396;297,2952757;0,012966335;90617,48801
30/10/2022;294,0812023;290,7113707;298,5786778;0,0018838;90488,10056
31/10/2022;294,3488037;290,3929007;299,0370418;6,87E-04;90413,1838
1/11/2022;294,8075718;291,1930428;299,4957058;0,00146848;90511,59394
2/11/2022;295,1735735;291,6457169;300,0654222;0,006359446;90506,60265
3/11/2022;294,4453535;291,8963775;298,1053621;0,024480036;90460,39498
4/11/2022;293,592152;291,7984451;296,1554235;0,028817338;90525,05682
5/11/2022;293,3592222;291,1183623;297,0260078;0,011690891;90511,96422
6/11/2022;293,6477607;291,3005807;298,0244175;0,007921586;90526,57893
7/11/2022;293,9868928;291,3298632;297,9266364;0,008588681;90550,95712
8/11/2022;293,8412465;291,3528198;297,7268825;0,01159555;90610,66822
9/11/2022;293,5008376;291,4237278;297,2856061;0,014544801;90616,53146
10/11/2022;293,5982353;291,1370049;298,1915328;0,012905992;90604,11619
11/11/2022;293,5748432;290,5979993;297,6080438;0,00763261;90560,14394
12/11/2022;293,4704683;290,7500564;297,3848809;0,017070903;90536,5858
13/11/2022;293,1667796;291,3968757;296,3287844;0,020576546;90491,82812
14/11/2022;293,8433986;290,3938297;298,3152892;0,005910607;90429,6056
15/11/2022;294,2059122;291,2153652;298,2184228;0,008309789;90475,93065
16/11/2022;294,1885966;291,6962101;297,6357729;0,020849697;90485,11693
17/11/2022;294,3301612;291,7092241;298,477115;0,01035453;90427,52874
18/11/2022;293,548185;291,8765338;296,519341;0,018792673;90447,58431
19/11/2022;294,134797;290,7662074;298,9311123;0,006223503;90388,14029
20/11/2022;294,4273506;291,9079061;298,3416985;0,014148511;90324,78525
21/11/2022;293,6472736;291,7856539;296,640546;0,018018669;90367,24002
22/11/2022;293,8126079;290,9261814;298,2048859;0,007429337;90437,40437
23/11/2022;293,538942;290,7568811;297,2492596;0,005728064;90412,29442
24/11/2022;293,5435086;290,5349713;297,4405149;0,00702621;90446,95665
25/11/2022;293,8613318;291,148381;298,0417373;0,007806929;90471,47166
26/11/2022;293,6128485;291,3414144;297,4311956;0,013511572;90541,63332
27/11/2022;293,4436132;290,696992;297,8346099;0,013357463;90549,76816
28/11/2022;292,9483601;290,9951197;296,0748769;0,022586283;90481,85631
29/11/2022;293,0580093;290,7371837;296,8781723;0,0162683;90412,89824
30/11/2022;293,2121254;290,6381134;296,6356501;0,007890913;90408,85129
1/12/2022;293,4620926;290,0262884;298,3113232;0,00198512;90366,66168
2/12/2022;293,9536512;289,9551794;298,4734172;0,001658066;90356,21684
3/12/2022;293,6871786;290,0806732;297,9528519;0,002978611;90430,62714
4/12/2022;293,006212;291,0194799;295,9232129;0,019166876;90397,60542
5/12/2022;292,7694807;289,7267859;296,6564671;0,008177751;90383,20101
6/12/2022;292,9839901;290,0592497;297,1096649;0,005444374;90466,90988
7/12/2022;293,1176897;289,734328;297,4355796;0,003689608;90547,35921
8/12/2022;293,3490862;290,1631098;297,3294555;0,003539648;90487,79517
9/12/2022;293,6730916;290,8473361;297,5330304;0,002722221;90403,18564
10/12/2022;293,7628127;291,5719007;297,1551673;0,005489434;90463,40197
11/12/2022;293,7662687;290,8329012;298,2410522;0,004070226;90509,98223
12/12/2022;293,4854197;290,9647275;297,4093282;0,01248704;90507,03493
13/12/2022;293,7570079;291,154004;297,9107695;0,007070264;90428,09741
14/12/2022;294,0464863;290,7955168;298,8346283;0,006695867;90380,46735
15/12/2022;294,1608364;290,7850218;298,6122102;0,00809011;90384,07792
16/12/2022;294,4996724;290,8688486;299,0890335;0,003944643;90314,73144
17/12/2022;294,2276635;291,3590941;298,2177068;0,010009239;90237,8456
18/12/2022;293,8089639;291,4761734;297,3254406;0,008921899;90374,89823
19/12/2022;293,9603568;290,4228795;298,2099898;0,001469292;90492,87092
20/12/2022;294,443703;290,8600696;298,8750506;0,002741007;90459,85013
21/12/2022;294,2378276;291,4978463;298,1522477;0,008631836;90468,17299
22/12/2022;294,4123633;291,3530215;298,7261236;0,004690532;90419,31028
23/12/2022;294,661816;291,8509823;298,6133843;0,0054433;90429,16646
24/12/2022;294,6231254;291,7578177;298,9352657;0,004421957;90385,24581
25/12/2022;294,5362462;291,5459063;298,5131473;0,003498391;90379,67091
26/12/2022;294,3334628;290,8201786;298,7767317;0,002385415;90426,39188
27/12/2022;293,9365697;291,1683253;297,7149488;0,004834693;90568,27383
28/12/2022;293,9989499;291,6341004;297,606354;0,005436583;90625,98652
29/12/2022;294,2379136;291,2291229;298,6610502;0,002516146;90635,54444
30/12/2022;294,2785005;290,4787988;298,8105031;0,002382658;90491,36036
31/12/2022;294,5173682;291,3989956;298,6840258;0,004117154;90555,53413
1/01/2023;293,8261098;291,440104;296,9792399;0,01757205;90617,71476
2/01/2023;293,2679441;290,337681;297,2643049;0,008822919;90646,75627
3/01/2023;293,2949615;290,4292612;297,2098082;0,007690317;90667,2549
4/01/2023;293,6276573;290,2021847;297,9746082;0,003010997;90619,65501
5/01/2023;293,9329788;290,9448535;298,2021291;0,005517723;90556,87488
6/01/2023;293,9773725;291,0823626;298,088347;0,007824292;90578,83828
7/01/2023;293,6005492;291,2997254;296,9417703;0,01447982;90639,20519
8/01/2023;293,3672594;290,4392163;297,403208;0,00652097;90640,53803
9/01/2023;293,3881308;290,7605144;297,1366387;0,015993534;90649,98024
10/01/2023;292,773036;291,2606019;295,5348201;0,020298044;90649,73508
11/01/2023;292,9892301;290,5156411;297,2995752;0,013548526;90635,98236
12/01/2023;293,348459;290,5402268;297,528314;0,006789328;90606,24972
13/01/2023;293,3465172;290,5267754;297,6052949;0,00943544;90535,91327
14/01/2023;293,3308487;290,5536222;297,4756391;0,008329927;90557,01267
15/01/2023;293,6397129;290,8906067;297,7761445;0,004145222;90605,24993
16/01/2023;293,8740003;291,000946;297,744552;0,003145187;90522,70799
17/01/2023;293,9727401;291,1464658;298,0050233;0,00446794;90436,46666
18/01/2023;293,7633655;290,851227;297,8125581;0,005716891;90477,65115
19/01/2023;293,7437722;290,4839544;298,079316;0,004689573;90547,84409
20/01/2023;293,6423294;289,9337648;298,0809212;0,003668661;90555,92814
21/01/2023;293,8364388;290,6577541;298,2326535;0,006336702;90453,14044
22/01/2023;293,6738344;290,94113;297,6879653;0,006558031;90356,9612
23/01/2023;294,2992216;290,7228762;299,3274645;0,003187593;90428,07023
24/01/2023;294,8267747;291,0347017;299,7985729;0,003385319;90386,65235
25/01/2023;294,8626965;291,0017948;299,6630944;0,002615986;90335,03799
26/01/2023;294,7253228;290,969388;299,1462969;0,001438545;90341,58023
27/01/2023;294,9668399;290,4268245;300,2933944;8,10E-04;90332,58577
28/01/2023;294,7791624;289,9828074;300,2563854;3,08E-04;90320,22824
29/01/2023;294,7795431;289,9083927;300,3647857;6,98E-04;90285,50966
30/01/2023;295,0529954;290,5778168;300,0673796;0,002023599;90372,28789
31/01/2023;294,6650708;289,8439317;299,8607768;4,90E-04;90428,09892
1/02/2023;294,5028418;289,5240785;300,108678;2,48E-04;90426,44936
2/02/2023;294,7817217;289,6814958;300,6045827;4,31E-04;90412,27384
3/02/2023;295,0068466;290,4606064;300,4494491;0,001769488;90414,0757
4/02/2023;294,9993239;291,2305303;299,6788024;0,001944336;90569,00315
5/02/2023;295,2473082;291,1223272;300,8203971;0,001533685;90491,64588
6/02/2023;295,5016145;291,5388834;301,0480946;0,002318335;90405,13956
7/02/2023;295,7162351;291,5922668;301,293475;0,002908699;90325,20229
8/02/2023;295,6577575;291,4818008;301,0722551;0,003035191;90334,85009
9/02/2023;295,5278893;291,8112274;300,6352784;0,004172719;90363,71126
10/02/2023;295,7358299;291,9586621;300,7005821;0,004238825;90319,08024
11/02/2023;295,7399654;291,9923043;300,5348877;0,004964191;90252,61106
12/02/2023;295,5877528;292,3932281;300,0096627;0,004676557;90218,2288
13/02/2023;295,5031382;292,4774142;299,9884859;0,004180076;90259,9002
14/02/2023;295,4145409;292,2778099;300,0646046;0,00470291;90337,36973
15/02/2023;294,8618695;292,1858646;298,9430202;0,012789223;90413,01091
16/02/2023;294,8639488;291,9519588;299,6703477;0,009997636;90375,42972
17/02/2023;294,9081295;291,8507067;299,4701464;0,011434935;90334,08121
18/02/2023;294,7947029;291,8113543;299,1715709;0,005935981;90384,58541
19/02/2023;295,0349708;290,7097751;300,3605148;0,002696249;90351,65473
20/02/2023;294,9172977;291,7754113;298,9650384;0,004981658;90374,53108
21/02/2023;294,9385871;291,5143479;299,6276144;0,004939956;90399,74132
22/02/2023;294,5470924;291,4908581;298,5728631;0,002628192;90593,95066
23/02/2023;295,3051809;290,6633193;301,1227505;0,0011734;90605,08724
24/02/2023;295,5014575;291,0098781;300,1753121;8,14E-04;90584,39032
25/02/2023;295,556369;291,2482365;300,6509359;0,001645828;90521,29236
26/02/2023;295,7362207;291,2477742;300,6819758;0,001711344;90459,27565
27/02/2023;295,9264047;291,687347;301,2469153;0,00311126;90438,43117
28/02/2023;296,073522;291,934824;301,627181;0,003464608;90449,36039
1/03/2023;296,1116771;292,2409906;301,0242003;0,003523176;90461,91015
2/03/2023;296,144798;292,5014275;301,2086398;0,004598267;90313,04937
3/03/2023;296,1599861;292,731495;300,7974053;0,01328996;90196,22797
4/03/2023;295,3270306;292,6218322;299,1500747;0,027946463;90270,75276
5/03/2023;294,910667;292,1407436;299,3311423;0,017896396;90397,37487
6/03/2023;294,7515097;292,050892;299,1919078;0,014758293;90453,29203
7/03/2023;294,4097138;292,4795803;297,4283048;0,019422762;90426,1767
8/03/2023;294,0288543;291,8983373;297,7122444;0,012757103;90537,10741
9/03/2023;293,6056925;291,5421986;297,0233207;0,01385546;90622,91512
10/03/2023;294,0724854;290,9021114;298,676952;0,006888283;90608,43606
11/03/2023;293,9503776;291,8807381;296,9131489;0,018094288;90589,62252
12/03/2023;293,9779597;291,0300269;298,2561901;0,005559344;90665,9315
13/03/2023;294,0331235;291,5725124;297,6338064;0,011286959;90712,03536
14/03/2023;293,672209;290,7384298;297,986804;0,011348322;90682,92262
15/03/2023;293,717943;290,7699508;298,0185919;0,013865872;90620,74501
16/03/2023;293,4702008;290,655321;297,8684547;0,009060385;90623,25144
17/03/2023;293,5379112;291,1149082;297,4753308;0,014983409;90586,54944
18/03/2023;293,6440099;290,9914171;297,6975491;0,010459866;90613,48572
19/03/2023;294,265452;290,4614088;299,3460396;0,004664114;90598,01483
20/03/2023;294,4706482;290,6853662;299,3731738;0,003491632;90620,94644
21/03/2023;294,9866707;291,4549682;299,5402837;0,001965837;90526,84014
22/03/2023;295,0060597;291,295977;299,7628004;0,007199489;90432,25292
23/03/2023;294,8558593;292,0178094;299,2126823;0,008346855;90480,70257
24/03/2023;294,8386725;291,8949962;299,0699841;0,006929171;90479,71963
25/03/2023;294,5034922;291,8022516;298,3495765;0,006536121;90489,55224
26/03/2023;294,8809563;291,7593333;299,7043878;0,008089412;90445,60178
27/03/2023;295,1406333;291,5352101;300,1653264;0,00730491;90415,1502
28/03/2023;294,9756699;291,6834671;299,9116161;0,010818626;90444,42433
29/03/2023;294,9793733;291,8534358;299,5822251;0,009672244;90412,62663
30/03/2023;295,219155;291,9865215;299,9361192;0,006463931;90392,19487
31/03/2023;295,3360873;292,1842806;300,3415202;0,008546705;90427,71401
1/04/2023;295,1922546;292,2647409;299,7065487;0,012775659;90456,21369
2/04/2023;295,1354088;291,7156111;299,8870245;0,012381017;90406,41203
3/04/2023;295,9710172;292,227042;301,2492797;0,003970286;90267,89079
4/04/2023;295,7391391;292,1266152;300,6477072;0,00855529;90234,38632
5/04/2023;295,3844129;291,9981111;300,0516972;0,004390465;90284,31151
6/04/2023;294,9401325;292,1748475;299,0555326;0,010393217;90309,16849
7/04/2023;293,6783447;291,6610572;296,9415584;0,029680527;90429,04914
8/04/2023;294,3202814;291,4657795;299,2647292;0,012985696;90513,894
9/04/2023;295,2223414;291,6955707;300,1398925;0,003954814;90452,61074
10/04/2023;295,1838552;292,1988758;299,6291265;0,013622311;90467,51871
11/04/2023;294,9926001;292,1116893;299,8207389;0,010911812;90448,98282
12/04/2023;295,1196898;292,0634583;299,8773858;0,011662662;90363,56308
13/04/2023;295,1697444;291,8876667;300,1857773;0,0091952;90281,17445
14/04/2023;295,0281894;292,3251893;299,2734711;0,010853653;90298,00167
15/04/2023;294,8720533;292,3980491;298,6899905;0,008962612;90399,28374
16/04/2023;294,2379911;292,3054402;297,1275509;0,020764317;90526,60838
17/04/2023;294,2521462;291,3791198;298,4706775;0,01142457;90521,40696
18/04/2023;294,435346;291,617495;298,7608486;0,011097924;90437,91078
19/04/2023;295,2888081;291,569106;300,2795224;0,002346351;90371,27924
20/04/2023;294,8572338;292,8161007;298,3147624;0,017284025;90454,78706
21/04/2023;294,0787906;292,261419;297,3847802;0,013495255;90539,04768
22/04/2023;294,0438522;291,8428861;297,393693;0,015963035;90473,11071
23/04/2023;294,1820934;291,269609;298,5108242;0,00592158;90483,459
24/04/2023;293,9693162;291,8553541;297,0851775;0,020592825;90540,04515
25/04/2023;294,9347347;291,5078413;299,6910515;0,003874653;90532,62596
26/04/2023;294,8475314;292,0177215;298,6369708;0,008075877;90516,47975
27/04/2023;294,7575592;291,7527208;299,1540633;0,010417094;90515,74472
28/04/2023;294,4944233;291,8438291;298,5351907;0,013830038;90507,61168
29/04/2023;294,8469731;292,0531845;299,2078378;0,012081384;90540,5563
30/04/2023;294,5764014;292,130898;298,5276161;0,011245433;90592,9861
1/05/2023;294,9995741;291,0055138;300,0732393;0,001530434;90520,43711
2/05/2023;296,3211469;292,2627787;301,4694414;6,80E-04;90372,00634
3/05/2023;296,4568215;292,3882248;301,3088658;0,005081536;90191,93815
4/05/2023;296,7856326;292,5873623;301,9216582;0,002043398;90265,74245
5/05/2023;296,8900864;293,1041282;301,8086287;0,002809785;90266,46261
6/05/2023;296,7828265;293,2975999;301,5667342;0,005397919;90322,58935
7/05/2023;296,498126;292,4924955;301,3704527;0,001954849;90370,25305
8/05/2023;297,1003377;293,1732554;301,932857;0,002303739;90318,07088
9/05/2023;296,8761062;293,6570851;301,5717705;0,005316223;90399,92123
10/05/2023;295,3688882;292,9988373;299,0604909;0,016827272;90514,43114
11/05/2023;295,6051367;292,6725897;300,4729163;0,010512376;90490,15531
12/05/2023;295,5801422;292,4376668;300,3025188;0,011353233;90443,77897
13/05/2023;295,8641235;292,7306724;300,7551218;0,010158082;90369,61076
14/05/2023;295,9196838;293,1021279;300,1586921;0,010128029;90484,24714
15/05/2023;295,3557476;292,9282449;298,5975931;0,015848154;90635,68098
16/05/2023;294,8399885;292,5239926;297,82623;0,021947359;90701,57014
17/05/2023;295,2955731;292,1626241;300,1068893;0,005259494;90596,53284
18/05/2023;296,7479534;293,4276434;301,3459918;0,003141712;90418,29203
19/05/2023;296,1570278;293,3483066;300,2228684;0,008661871;90419,95835
20/05/2023;295,3315724;293,2560617;298,3089721;0,011829927;90389,57255
21/05/2023;294,3193516;292,9128511;296,6353742;0,038500564;90452,60445
22/05/2023;294,4687163;292,3369004;298,5495804;0,017273573;90502,17888
23/05/2023;294,5178072;292,4896643;297,7973806;0,018688691;90533,4219
24/05/2023;294,6155745;292,3730195;298,3689896;0,013156218;90440,75745
25/05/2023;294,5785858;292,3110379;298,1441677;0,017398765;90364,87204
26/05/2023;294,4372645;292,4588367;297,5279082;0,020688235;90502,54476
27/05/2023;295,0908214;292,1085472;299,6476219;0,008998088;90572,64922
28/05/2023;295,0968525;292,2970326;299,0163905;0,013667795;90577,71954
29/05/2023;294,9117043;292,1171568;298,7460918;0,013737654;90534,87945
30/05/2023;294,6003208;292,4952606;298,0437612;0,022478026;90522,85849
31/05/2023;295,231096;292,7092902;299,3199516;0,007664937;90541,96315
1/06/2023;294,3014185;292,8323404;296,856324;0,037157269;90599,86574
2/06/2023;294,972307;292,0138661;299,4161115;0,005079751;90498,99984
3/06/2023;295,9912708;292,1663745;300,9108266;0,00220498;90369,69039
4/06/2023;295,5224905;292,5098243;299,5320604;0,009555034;90458,89398
5/06/2023;295,1007013;291,992875;299,1277903;0,007366738;90551,98579
6/06/2023;294,9332649;292,3908712;298,5925979;0,010398741;90556,18151
7/06/2023;295,379708;291,9970519;300,053842;0,004600383;90514,72811
8/06/2023;295,0364598;292,4633459;298,7652751;0,025575203;90608,45394
9/06/2023;294,6997989;292,0992357;298,9826913;0,01522036;90664,8403
10/06/2023;294,6460602;292,4277018;298,3006855;0,009924789;90633,56017
11/06/2023;295,4663852;291,9362277;300,3200104;0,004072533;90589,65243
12/06/2023;295,8083439;292,2682696;300,38734;0,006458721;90456,70924
13/06/2023;295,9873768;292,442143;300,9392424;0,005374171;90370,63594
14/06/2023;295,7117454;292,5102823;299,7363376;0,014109883;90380,63247
15/06/2023;295,3421177;292,5304837;299,3210266;0,008807078;90382,98595
16/06/2023;295,5295296;292,3594052;299,9610781;0,008288056;90441,59707
17/06/2023;294,7671898;292,3403475;298,5253332;0,021219255;90509,30459
18/06/2023;295,6498626;291,6843845;301,3033702;0,002053947;90443,28969
19/06/2023;296,6337242;292,3800814;301,7848895;0,001899197;90369,23178
20/06/2023;296,8657009;292,5470327;302,0089098;0,001358057;90304,98477
21/06/2023;296,4746533;292,568688;300,8988857;0,002668392;90293,33059
22/06/2023;295,8739669;292,9307293;300,0301932;0,005957741;90406,44627
23/06/2023;295,2859238;292,2412087;299,7443498;0,011925104;90490,01736
24/06/2023;294,6418345;292,2520599;298,3121194;0,011837278;90526,18981
25/06/2023;294,2364127;292,4179087;297,1144495;0,025735289;90493,03903
26/06/2023;294,3474876;292,2781459;297,9368426;0,020921145;90576,39867
27/06/2023;294,8680726;291,7651266;299,3520912;0,00675878;90543,09213
28/06/2023;295,4550952;292,3811179;299,7207204;0,007769183;90430,00964
29/06/2023;296,3639765;292,21079;301,7749979;0,003383408;90328,80783
30/06/2023;296,5175249;292,7479681;301,3258702;0,004133909;90363,0386
1/07/2023;296,1973128;292,7605761;300,3466117;0,012903992;90393,65328
2/07/2023;295,3858049;292,4479762;299,6053103;0,009776295;90463,0572
3/07/2023;294,9610044;292,4037591;298,788291;0,011008713;90580,02839
4/07/2023;294,7627258;292,1508387;298,7776389;0,009343591;90622,22204
5/07/2023;295,4308568;292,5248959;299,9860084;0,006639019;90580,56224
6/07/2023;294,9103226;292,1856151;298,8842061;0,017616229;90511,47421
7/07/2023;294,469674;292,013714;298,2866486;0,018819327;90525,90717
8/07/2023;294,7483417;292,0975451;299,1042661;0,008148196;90526,07436
9/07/2023;295,315048;291,711559;300,1391168;0,005582863;90521,36075
10/07/2023;295,8412346;292,0160047;300,7140873;0,00681788;90428,85092
11/07/2023;295,7332665;292,4387675;300,2065302;0,010811064;90432,87518
12/07/2023;295,9615559;292,5029111;300,7631116;0,006486754;90401,51315
13/07/2023;296,2670965;292,6041405;301,2763895;0,007296563;90269,97628
14/07/2023;295,9030805;292,3177938;300,5993954;0,010225859;90296,10959
15/07/2023;295,5923517;292,2409857;300,287976;0,012552248;90366,36579
16/07/2023;295,8428485;292,3584124;300,0774565;0,007456986;90371,81762
17/07/2023;295,649705;292,4157519;300,3732033;0,012000288;90450,07003
18/07/2023;295,7236296;292,3092651;300,2944417;0,004577582;90545,75905
19/07/2023;296,8573024;291,9035058;302,8371664;4,60E-04;90492,9749
20/07/2023;297,3506913;292,7174641;302,7368956;0,001250555;90388,11317
21/07/2023;296,8225656;292,9925086;301,4877841;0,00241875;90351,20003
22/07/2023;296,2250221;292,7714681;300,4256385;0,004020252;90419,41667
23/07/2023;296,5384672;292,7322533;301,2637319;0,002477501;90546,85197
24/07/2023;296,5379593;292,9651007;301,2012165;0,003473356;90566,68969
25/07/2023;296,1640509;292,5257994;301,0717665;0,009704835;90506,43059
26/07/2023;295,1728633;292,6396158;299,2426854;0,015052738;90519,42394
27/07/2023;295,5119;292,4230669;300,0995224;0,011669122;90472,04133
28/07/2023;295,8870079;292,7298763;300,8226499;0,008657293;90527,73014
29/07/2023;296,4628121;292,7632854;301,4814641;0,009190765;90503,10685
30/07/2023;296,6715169;293,0259826;301,4977989;0,006357669;90464,28329
31/07/2023;296,0652827;292,7818151;300,3139648;0,024786791;90509,96861
1/08/2023;295,986238;292,3217201;300,778329;0,007278271;90630,28073
2/08/2023;296,3228178;292,1298379;301,5413725;0,004445367;90658,42212
3/08/2023;296,4038492;292,502596;301,3089615;0,005820004;90581,63042
4/08/2023;296,5464107;292,2801273;301,944904;0,005303555;90493,14574
5/08/2023;296,8989089;292,592454;302,5204514;0,005777384;90460,80125
6/08/2023;296,5970864;292,8975154;301,3683635;0,007619596;90481,5498
7/08/2023;296,3519722;293,2833975;300,5802029;0,012656083;90581,21511
8/08/2023;296,4326495;292,4880207;301,8143139;0,003548568;90628,81514
9/08/2023;296,4801806;292,9386158;301,3654654;0,010152836;90568,3289
10/08/2023;296,2025684;292,3229566;301,6651158;0,005787732;90544,54138
11/08/2023;296,0160847;292,8334866;300,6122705;0,019300224;90460,79992
12/08/2023;295,8724643;292,5954372;300,4595492;0,01214938;90454,00736
13/08/2023;295,8663702;292,6388899;300,3018967;0,007056528;90419,04215
14/08/2023;295,6200787;292,103151;300,5864916;0,00669542;90465,96107
15/08/2023;294,9908245;292,3072683;298,9002245;0,011198332;90441,27941
16/08/2023;295,2218401;292,157272;299,7992167;0,008145476;90459,9139
17/08/2023;295,4616782;292,6483158;299,8758412;0,009086753;90455,51074
18/08/2023;295,2338922;292,386039;299,7286766;0,011481258;90431,06155
19/08/2023;295,3302772;292,3600787;299,7983634;0,014999714;90315,39103
20/08/2023;295,244709;292,7076691;299,3042497;0,022350515;90239,91445
21/08/2023;294,7451701;292,7642284;298,4827673;0,029410951;90270,33336
22/08/2023;294,0525946;292,6555841;296,9852159;0,036736004;90304,4512
23/08/2023;294,791156;291,783272;299,1233142;0,004043408;90398,97387
24/08/2023;295,1836959;292,2983323;299,6570605;0,007453365;90492,77618
25/08/2023;295,3441608;292,0172704;300,0188184;0,008330618;90538,1951
26/08/2023;295,8097148;291,1058783;301,3364311;0,002833662;90435,84613
27/08/2023;296,2219758;292,1990608;301,2308056;0,002434693;90408,44882
28/08/2023;296,3646675;292,3255036;301,4068744;0,00677734;90469,71177
29/08/2023;296,3141802;292,4580409;301,0885924;0,001906246;90577,65555
30/08/2023;297,1875444;292,7190004;302,9417965;0,001614063;90400,43172
31/08/2023;297,1061362;292,817074;302,254822;0,003228959;90342,81476
1/09/2023;297,1528155;292,8422321;302,4567855;0,002227602;90406,94639
2/09/2023;295,9934483;292,8212532;300,4711895;0,010615996;90432,30161
3/09/2023;295,2673361;292,2165836;300,3048162;0,013941218;90474,92078
4/09/2023;294,842031;291,8922987;299,1023662;0,009665058;90521,63376
5/09/2023;295,9659554;292,185065;301,1774125;0,001740345;90493,9262
6/09/2023;296,7730932;292,5891926;302,3384569;0,002826498;90421,40209
7/09/2023;296,1278945;292,5725903;300,4047719;0,005521928;90377,39895
8/09/2023;296,1133233;292,9107152;300,4978487;0,004731583;90381,65937
9/09/2023;295,6420892;292,6718316;299,9968875;0,009891966;90396,42372
10/09/2023;294,9554882;292,4543399;298,9520159;0,014717164;90508,43592
11/09/2023;295,7088684;291,9028584;300,8473974;0,006364939;90491,90655
12/09/2023;295,6441038;292,1682037;300,4549043;0,00648196;90456,67626
13/09/2023;295,7886765;292,4786137;300,1650485;0,007084192;90434,89495
14/09/2023;295,5555368;292,215877;300,4335037;0,010482883;90401,78152
15/09/2023;295,7575842;292,4317065;300,6221099;0,011141071;90395,78355
16/09/2023;295,9601211;292,0168027;301,0642963;0,005237403;90460,44532
17/09/2023;295,8074849;292,4912775;300,5913125;0,006164325;90447,78567
18/09/2023;295,6482497;292,4365426;300,0542338;0,016513023;90415,0351
19/09/2023;295,7260011;292,0748511;300,4788578;0,004122403;90390,1889
20/09/2023;296,2072976;292,1068008;301,5327406;0,005633784;90370,76479
